time,snsr_11,snsr_12,snsr_13,snsr_14,snsr_21,snsr_22,snsr_23,snsr_24,snsr_31,snsr_32,snsr_33,snsr_34,snsr_41,snsr_42,snsr_43,snsr_44,interupt
LIS3DH_1 test!
LIS3DH_1 found!
Range = 16G
LIS3DH_2 test!
LIS3DH_2 found!
Range = 16G
LIS3DH_3 test!
LIS3DH_3 found!
Range = 16G
LIS3DH_4 test!
LIS3DH_4 found!
Range = 16G
LIS3DH_5 test!
LIS3DH_5 found!
Range = 16G
LIS3DH_6 test!
LIS3DH_6 found!
Range = 16G
LIS3DH_7 test!
LIS3DH_7 found!
Range = 16G
LIS3DH_8 test!
LIS3DH_8 found!
Range = 16G
LIS3DH_9 test!
LIS3DH_9 found!
Range = 16G
LIS3DH_10 test!
LIS3DH_10 found!
Range = 16G
LIS3DH_11 test!
LIS3DH_11 found!
Range = 16G
LIS3DH_12 test!
LIS3DH_12 found!
Range = 16G
LIS3DH_13 test!
LIS3DH_13 found!
Range = 16G
LIS3DH_14 test!
LIS3DH_14 found!
Range = 16G
LIS3DH_15 test!
LIS3DH_15 found!
Range = 16G
LIS3DH_16 test!
LIS3DH_16 found!
Range = 16G
2123,-1.03,-0.11,-3.56,-1.49,-0.57,1.72,1.61,0.46,2.18,2.18,2.53,0.11,1.03,1.15,5.06,2.07,0
2240,-0.69,0.00,-2.07,-1.15,-0.11,1.95,1.61,0.46,2.41,2.18,2.76,0.23,0.57,1.03,5.17,2.18,0
2356,-0.92,-0.11,-2.07,-1.38,-0.23,1.72,1.49,0.57,2.30,2.30,2.76,0.57,0.92,0.92,5.29,1.61,0
2473,-0.92,-0.34,-1.72,-1.15,-0.57,1.49,1.72,0.23,2.18,2.41,2.53,0.11,1.38,0.23,4.71,2.07,0
2590,-1.03,0.00,-1.61,-1.61,-0.23,1.95,1.49,0.23,1.72,2.64,3.10,0.57,0.34,1.03,5.63,1.95,0
2707,-0.92,-0.46,-1.84,-1.38,-0.57,1.38,1.38,0.11,2.41,1.95,2.99,0.34,0.92,1.15,4.71,2.07,0
2824,-0.92,0.00,-3.56,-0.92,-0.11,1.72,1.26,0.11,1.84,2.41,2.64,0.46,0.23,0.80,5.06,1.95,0
2941,-0.69,0.57,-1.84,-1.26,-0.11,2.07,1.95,0.34,2.53,2.07,2.99,0.46,0.92,0.92,4.83,1.84,0
3057,-1.15,-0.57,-1.95,-1.38,-0.34,1.26,1.61,0.11,2.30,2.53,2.53,0.11,1.03,1.15,4.94,2.07,0
3174,-0.69,-0.23,-1.72,-1.26,-0.34,1.72,1.38,0.92,2.07,1.95,2.76,0.11,0.69,1.15,5.40,1.95,0
3291,-0.46,0.11,-1.84,-1.49,-0.46,1.38,1.61,0.46,2.41,2.30,2.99,0.46,0.92,1.15,4.71,1.95,0
3408,-1.26,-0.34,-1.72,-1.03,-0.57,1.61,1.95,0.34,2.07,2.30,2.99,0.46,0.92,0.80,4.94,1.95,0
3525,-0.80,-0.46,-1.84,-0.92,0.00,1.72,1.38,0.23,1.84,2.18,2.76,0.34,0.23,0.46,5.29,1.61,0
3642,-1.03,-0.57,-2.07,-0.92,-0.11,1.72,1.61,0.23,2.18,2.76,2.76,0.57,0.92,0.69,5.06,1.95,0
3758,-1.03,0.34,-1.72,-1.15,-0.46,1.61,1.72,0.34,2.07,2.41,3.10,0.23,0.57,1.15,4.83,2.30,0
3875,-0.80,-0.57,-1.61,-1.03,-0.46,1.38,1.61,0.80,1.95,2.64,2.99,0.23,1.03,1.38,5.29,2.18,0
3992,-1.03,-0.34,-2.07,-1.15,-0.34,1.38,1.72,0.34,1.84,2.41,2.99,0.46,0.80,1.03,4.94,1.61,0
4109,-0.92,-0.46,-1.49,-0.80,-0.23,1.72,1.61,0.57,1.95,2.18,3.10,0.11,0.34,1.26,4.94,2.07,0
4226,-0.92,-0.34,-1.95,-1.26,-0.23,1.26,1.38,0.46,2.53,2.07,2.76,0.23,0.92,0.80,5.06,2.07,0
4343,-1.03,-1.84,-1.49,-1.26,-0.57,1.61,1.61,0.34,2.30,2.41,3.10,0.11,0.92,1.03,4.71,2.07,0
4459,-0.57,0.11,-1.95,-1.38,-0.46,1.72,1.72,0.57,2.18,2.30,2.99,0.69,0.69,0.80,5.17,2.07,0
4576,-1.03,-0.34,-1.61,-1.49,-0.57,1.61,1.61,0.11,2.41,2.18,2.76,0.57,1.15,0.46,5.06,1.95,0
4693,-0.57,0.00,-2.07,-1.49,-0.11,1.49,1.84,0.34,1.72,2.07,2.99,0.23,0.34,0.69,5.06,1.84,0
4810,-0.69,-0.69,-1.61,-1.84,-0.34,1.72,1.26,0.11,2.41,2.18,3.22,0.69,0.92,1.15,4.83,1.84,0
4927,-1.15,-0.34,-1.84,-1.26,-0.11,1.61,1.49,0.11,2.64,2.41,2.87,0.57,0.80,0.92,5.06,2.18,0
5044,-0.92,0.23,-2.30,-1.15,-0.23,1.61,1.72,0.46,2.07,2.41,2.87,0.34,0.69,0.57,4.83,2.30,0
5160,-0.80,-0.23,-1.61,-1.38,-0.23,1.26,1.72,0.57,2.18,1.95,2.64,0.46,0.80,1.15,5.17,1.95,0
5277,-0.80,0.00,-1.49,-0.92,-0.46,1.61,1.95,0.00,2.18,2.41,2.99,0.46,0.92,1.49,5.06,1.72,0
5394,-1.03,-0.34,-1.61,-1.38,-0.11,1.72,1.72,0.23,2.07,2.30,2.64,0.34,0.57,1.03,4.71,2.18,0
5511,-0.92,-0.11,-1.72,-1.15,-0.23,1.61,1.49,0.11,2.07,2.07,3.22,0.34,0.80,0.92,4.71,1.84,0
5628,-0.92,-0.34,-1.72,-1.38,-0.34,1.49,1.38,0.11,2.30,2.18,2.99,0.34,0.46,1.15,4.83,1.95,0
5745,-1.03,0.11,-1.84,-0.80,-0.23,1.84,1.72,0.69,1.95,2.18,2.64,0.34,0.69,1.15,4.60,1.95,0
5861,-1.03,0.57,-2.30,-1.26,-0.23,1.49,1.49,0.34,1.95,1.95,2.99,0.23,0.92,0.92,5.17,1.61,0
5978,-0.57,-0.11,-2.07,-1.26,-0.11,1.38,1.38,0.34,2.07,2.53,2.99,0.23,0.69,0.69,4.71,1.95,0
6095,-0.80,-0.34,-1.72,-1.38,0.11,1.49,1.49,0.23,2.07,2.30,2.76,0.23,0.46,0.69,4.94,1.95,0
6212,-0.80,0.23,-1.61,-1.38,0.00,1.49,1.61,0.34,2.07,2.41,3.33,0.69,0.34,0.80,4.94,1.84,0
6329,-1.03,-0.23,-1.72,-1.26,-0.57,1.49,1.49,0.57,2.41,2.18,2.87,0.34,0.92,0.80,5.17,2.07,0
6446,-1.03,-0.11,-1.61,-1.26,-0.34,1.84,1.49,0.46,1.84,2.41,2.64,0.69,0.46,1.26,4.94,2.07,0
6562,-1.15,0.11,-1.49,-0.92,-0.11,1.84,1.84,0.23,2.53,2.53,3.22,0.69,0.92,1.15,5.06,1.72,0
6679,-1.15,-1.84,-1.95,-1.26,-0.34,1.38,1.49,0.11,2.07,2.07,2.64,0.23,0.69,1.15,4.83,2.41,0
6796,-0.69,0.00,-1.84,-1.49,-0.11,1.38,1.26,0.46,1.84,2.18,2.99,0.34,0.80,0.80,5.17,2.18,0
6913,-0.92,-0.11,-1.72,-0.80,0.00,1.49,1.84,0.69,1.61,2.07,3.10,0.23,0.46,0.80,5.40,1.84,0
7030,0.23,2.18,-0.34,0.69,-103.22,11.84,7.36,-3.79,86.56,-91.16,20.46,1.61,58.62,45.18,-23.91,0.69,0
7146,-12.30,6.67,10.12,-20.12,-12.18,16.44,38.39,-16.78,-1.37,13.56,6.44,-20.12,-11.04,-1.15,-1.49,-4.83,0
7263,-2.18,-3.56,-3.10,6.32,-7.01,1.03,6.78,-1.03,-0.34,0.57,3.22,7.59,1.84,2.53,4.02,1.49,0
7380,2.99,-3.33,-2.76,-1.38,-5.29,0.46,-3.68,1.38,4.48,-0.23,9.20,2.53,-0.23,1.38,4.37,1.15,0
7497,0.57,1.26,-2.18,-7.82,1.03,3.33,-0.46,-1.49,-0.46,1.84,1.61,1.49,-1.84,-1.72,5.52,2.53,0
7614,-1.03,-0.57,-2.07,-1.26,0.69,1.49,2.30,-1.49,3.22,2.41,0.92,-3.45,1.15,0.46,2.76,0.57,0
7731,-0.23,0.92,-1.72,-0.46,-0.69,2.53,2.30,1.38,2.18,2.07,4.02,-1.95,1.72,0.46,6.09,0.92,0
7847,-0.46,-1.84,-1.49,-1.95,0.00,1.84,1.61,0.00,2.30,2.99,3.79,0.57,1.61,0.69,4.94,2.53,0
7964,-1.95,0.92,-2.07,-1.49,-0.57,1.72,1.84,0.11,3.56,2.07,2.99,0.00,-0.23,0.34,5.52,1.49,0
8081,-0.92,-1.38,-1.49,-1.38,-0.69,1.15,2.07,0.34,2.64,2.07,2.87,1.38,0.92,1.26,5.40,2.64,0
8198,-1.61,-0.57,-2.18,-0.80,-0.57,1.84,1.61,1.03,2.30,2.76,3.10,0.92,0.69,0.92,4.83,2.64,0
8315,-0.57,0.00,-1.61,-1.38,-0.92,1.61,1.38,0.57,2.07,1.95,2.41,0.34,1.15,0.46,5.63,1.84,0
8431,-0.92,-0.11,-1.72,-1.38,-0.46,1.61,1.61,0.46,2.07,2.53,2.64,0.23,0.57,1.61,4.83,1.72,0
8548,-1.15,0.00,-1.49,-1.61,-0.23,1.26,1.84,0.34,2.53,2.30,3.10,-0.23,1.15,0.92,5.06,1.61,0
8665,-0.69,0.23,-1.72,-1.49,-0.11,1.38,1.95,-0.23,1.95,2.41,2.99,0.46,0.57,1.03,4.25,1.84,0
8782,-1.03,-0.57,-1.72,-0.69,-0.69,1.61,1.15,0.57,2.07,2.30,3.33,0.57,0.80,1.26,4.94,2.07,0
8899,-0.69,0.00,-1.95,-1.26,0.00,1.61,2.07,0.69,2.41,2.41,2.30,0.57,0.80,0.92,4.83,2.07,0
9016,-0.23,-0.46,-1.95,-1.72,0.23,3.68,3.91,-1.61,80.23,9.77,11.15,-1.72,60.46,-85.87,-3.22,14.71,0
9132,-1.84,5.52,-6.09,-1.49,-11.72,50.00,56.44,-1.15,-16.32,-7.47,-8.28,1.38,-10.58,-5.29,5.63,4.48,0
9249,4.71,-0.69,3.68,8.51,-4.25,20.81,-2.41,-1.15,-10.12,2.76,3.45,-2.99,4.37,13.45,8.51,1.84,0
9366,1.26,1.49,-4.25,0.69,0.11,-7.47,2.18,0.46,-2.07,-4.94,3.45,2.53,1.15,3.22,5.06,-0.34,0
9483,-0.69,0.92,-3.33,3.68,1.15,3.91,-7.59,-1.15,1.84,3.10,3.56,-2.18,0.92,-0.57,2.18,1.49,0
9600,-0.69,-1.49,-1.38,-2.30,0.23,1.95,1.03,-1.03,4.60,2.07,3.45,-0.11,-1.84,3.45,3.10,2.18,0
9717,-1.49,-0.69,-1.95,-0.69,1.26,2.76,1.49,0.46,1.38,2.07,4.02,0.23,1.84,1.26,4.25,2.99,0
9833,-1.38,-0.23,-2.07,-0.80,0.23,2.30,2.99,0.11,2.76,2.76,4.83,0.00,1.84,0.80,5.75,1.38,0
9950,-0.80,-1.03,-1.61,-1.15,-1.15,1.15,1.84,1.72,2.64,2.18,2.87,0.57,1.15,0.69,4.37,1.49,0
10067,0.46,0.00,-2.07,-0.80,0.34,1.38,1.72,0.34,2.41,2.41,2.64,0.46,0.69,1.26,5.17,2.41,0
10184,-1.26,0.57,-2.07,-1.15,0.11,1.95,1.72,0.92,2.87,2.07,2.87,0.11,0.92,0.46,4.71,2.30,0
10301,-1.26,-0.46,-1.49,-1.15,-0.92,1.72,1.15,0.92,1.95,2.30,2.87,0.69,0.92,1.26,4.71,2.07,0
10417,-1.15,-0.23,-1.49,-0.80,-0.34,1.95,0.92,0.46,1.95,2.30,2.64,0.34,0.80,1.49,5.17,1.95,0
10534,-0.23,-0.46,-1.61,-1.03,-0.46,1.61,1.84,0.34,2.18,2.64,2.99,0.23,1.15,0.92,5.17,1.72,0
10651,-1.15,0.11,-2.07,-1.03,0.00,1.61,1.38,0.57,2.30,2.18,2.76,0.11,1.38,0.92,5.17,1.95,0
10768,-1.03,-1.84,-1.49,-1.15,-0.23,1.49,1.49,0.23,2.18,2.64,2.99,0.69,1.15,1.15,4.60,0.11,0
10885,-0.80,0.23,-1.61,-0.80,-0.23,2.07,1.49,0.69,1.61,2.76,3.22,0.23,-0.69,1.49,5.17,1.61,0
11002,3.10,-10.00,6.09,1.49,102.99,-47.70,12.64,6.09,131.73,-22.65,9.20,6.32,44.72,40.23,-0.92,-13.79,0
11118,-15.86,2.64,9.20,-10.00,-2.41,5.06,-12.07,2.18,1.84,1.61,11.15,-13.68,-8.74,1.84,3.22,3.22,0
11235,-6.21,-3.33,-0.80,-1.61,-3.22,1.84,0.11,4.02,-8.85,4.48,5.63,4.71,-2.64,-2.07,4.71,-0.57,0
11352,-1.49,-1.15,-3.10,-2.07,0.00,-1.15,-0.11,-1.61,-1.15,1.03,0.80,2.41,-2.41,1.15,7.01,4.02,0
11469,-1.03,0.11,-2.53,-0.11,-1.72,2.53,-2.53,1.49,2.30,0.00,2.64,-0.34,1.61,1.03,4.60,1.38,0
11586,-0.80,-0.23,-1.72,-1.49,1.38,2.07,1.38,0.23,2.99,1.95,2.53,0.00,0.11,4.37,3.91,1.49,0
11703,-2.18,-0.57,-1.49,-0.34,-0.23,1.84,1.84,-0.11,2.41,3.68,3.10,0.00,2.99,0.11,4.94,0.23,0
11819,-2.30,0.34,-1.95,-1.26,0.57,2.53,2.64,-0.11,3.45,1.95,3.56,0.57,0.57,0.69,5.40,2.76,0
11936,-1.15,0.00,-2.41,-1.15,0.00,1.72,1.38,1.49,2.18,2.30,4.02,1.03,1.26,0.34,5.06,2.30,0
12053,-1.49,-0.92,-1.95,-0.57,0.11,1.72,1.15,0.57,2.07,1.95,2.87,0.69,1.03,1.61,5.17,2.30,0
12170,-1.15,-0.46,-1.49,-1.38,-0.57,1.15,1.95,0.69,2.07,2.64,2.53,0.00,0.34,0.69,5.86,2.30,0
12287,-1.38,0.11,-1.84,-1.72,-1.03,1.61,1.84,1.03,2.07,2.30,2.76,0.34,1.15,0.69,4.60,2.18,0
12403,-0.92,-0.34,-1.72,-1.49,-0.34,1.26,1.61,0.34,2.76,2.18,2.99,0.11,0.92,1.49,4.94,1.72,0
12520,-0.69,-0.46,-1.95,-1.61,-0.11,1.15,1.26,0.00,1.84,1.95,2.87,-0.23,1.15,1.15,4.71,1.95,0
12637,-0.92,0.11,-1.84,-1.03,-0.11,1.84,1.38,0.23,2.07,2.07,2.99,0.11,0.11,0.80,4.83,1.72,0
12754,-0.80,-0.34,-1.84,-1.49,14.71,-1.95,2.30,-0.80,-79.20,13.79,15.40,-0.80,56.56,-19.43,16.44,11.38,0
12871,5.63,8.85,-16.78,0.57,-5.17,31.15,25.29,-2.64,-7.59,-3.56,28.85,1.72,-14.48,-7.01,0.57,0.23,0
12988,7.36,6.55,7.70,10.00,-3.68,-1.03,-1.15,1.15,5.29,0.23,0.92,0.92,1.84,-0.80,13.91,3.10,0
13104,0.80,-2.30,-3.68,-2.30,-5.98,-0.92,2.30,-5.40,0.34,-0.11,3.33,2.99,-3.10,2.41,7.47,0.69,0
13221,0.69,-0.11,-1.15,-0.57,-1.15,0.11,0.23,0.23,2.18,2.53,-1.49,-0.69,1.72,0.92,-0.34,1.26,0
13338,0.11,-2.07,-1.84,-2.07,1.26,3.10,0.57,0.57,2.53,4.25,2.99,0.57,1.26,1.84,1.95,1.38,0
13455,-0.92,0.34,-0.23,-0.57,-0.11,2.30,1.84,-0.11,1.38,2.53,1.95,-1.49,0.46,3.45,4.94,0.23,0
13572,-1.15,-0.92,-1.49,-1.03,-1.49,2.64,1.26,1.49,3.45,2.64,3.10,0.11,2.07,1.03,5.52,1.72,0
13689,-0.80,1.15,-1.72,-1.61,0.23,1.95,2.18,0.80,2.07,2.07,3.22,1.38,0.46,0.69,5.17,1.95,0
13805,0.11,-0.69,-1.49,-0.92,-0.57,1.15,1.72,0.92,2.07,2.87,3.10,0.11,1.49,1.49,5.17,1.72,0
13922,-1.61,0.46,-1.72,-1.38,0.34,1.61,1.38,0.34,2.30,2.07,2.30,0.57,1.38,0.46,4.48,2.07,0
14039,-1.03,-0.23,-1.61,-1.38,-0.69,1.49,1.49,0.69,1.95,2.18,3.33,1.03,0.34,1.38,4.83,1.72,0
14156,-0.92,0.11,-1.84,-1.03,-0.11,1.95,1.15,0.46,2.07,1.84,2.53,0.46,0.69,1.03,5.06,1.95,0
14273,-0.57,-0.34,-1.84,-1.15,-0.23,1.26,1.49,0.23,2.53,2.18,2.76,-0.11,1.03,0.46,4.71,2.07,0
14390,-0.46,-0.46,-1.49,-1.15,-0.23,1.49,1.61,0.11,2.30,2.07,3.33,0.23,0.69,1.26,4.71,1.61,0
14506,-0.80,-0.34,-1.72,-1.15,-0.11,1.38,1.61,0.23,2.30,2.64,3.10,0.11,0.92,1.26,5.29,1.49,0
14623,-0.69,-0.57,-1.95,-1.38,-0.46,1.61,1.95,0.34,2.53,2.64,3.22,0.46,-118.74,0.34,4.71,1.84,0
14740,-8.85,-4.48,13.22,-9.66,53.57,55.18,0.46,1.61,39.20,89.43,-2.64,-0.69,-7.70,-16.78,8.05,-1.61,0
14857,-1.38,1.72,8.39,-8.28,1.49,-4.48,-0.80,-3.10,-1.03,1.95,-0.46,-3.79,3.33,5.06,5.29,5.40,0
14974,-4.71,-9.77,-3.79,-2.76,-5.98,-10.12,2.87,6.67,1.26,-21.73,2.64,3.33,2.76,-31.38,7.13,2.30,0
15091,-0.23,-0.80,-1.95,-1.61,0.92,-1.03,1.26,6.90,1.72,4.94,-4.14,-1.84,-0.92,-1.38,-0.23,-1.72,0
15207,-1.49,2.64,-3.45,-1.72,1.26,2.41,0.69,-1.15,2.64,4.37,1.61,0.80,0.46,1.84,2.64,2.99,0
15324,-1.03,-0.23,1.03,-1.49,-1.72,2.07,2.07,-1.38,1.84,5.06,1.49,1.49,0.00,1.61,5.06,3.45,0
15441,-2.99,0.92,-0.57,-0.23,-0.34,3.79,2.07,1.15,2.53,2.99,3.68,1.49,1.38,1.03,5.52,0.46,0
15558,-1.49,0.34,-1.84,-2.18,-1.03,1.84,-0.11,1.03,2.64,1.72,2.30,-0.57,1.61,0.46,4.14,1.72,0
15675,-0.92,-1.38,-1.95,0.69,0.34,0.34,0.23,1.03,2.76,2.07,2.41,1.49,0.80,1.49,4.83,1.95,0
15791,-0.80,0.00,-1.84,-1.38,-0.11,1.38,1.49,0.92,1.84,2.41,2.99,0.80,1.26,1.03,4.37,2.07,0
15908,-1.26,-0.34,-1.38,-1.26,-0.80,0.92,1.15,0.11,1.95,1.84,2.64,0.57,0.46,0.80,5.63,1.72,0
16025,-1.03,-0.11,-1.61,-1.03,-1.03,1.49,1.03,0.23,2.18,2.30,2.64,0.23,0.69,1.03,5.29,1.61,0
16142,-0.46,-0.23,-1.61,-1.26,-0.80,1.95,2.30,0.11,2.07,2.30,3.22,0.34,0.80,1.15,5.17,1.61,0
16259,-0.92,-0.57,-1.84,-1.49,-0.69,1.38,1.38,0.34,2.07,1.72,3.33,0.23,0.92,0.57,4.94,1.61,0
16376,-0.80,0.11,-1.95,-1.15,0.11,1.26,1.15,0.11,2.07,2.18,2.64,0.46,1.03,0.69,4.14,1.95,0
16492,-1.15,0.34,-1.84,-1.15,-0.23,1.72,1.15,1.03,1.95,2.41,3.45,0.46,0.57,1.15,5.17,1.49,0
16609,-0.69,-0.23,-2.18,-1.38,-0.34,1.84,1.61,0.46,2.30,2.76,2.99,0.23,-1.72,1.61,5.40,2.53,0
16726,14.83,-111.96,-1.49,-6.21,46.21,15.52,7.13,-6.21,-5.06,109.43,-15.40,7.70,-14.71,-9.54,30.35,6.09,0
16843,-8.05,6.78,6.67,-29.20,-1.38,-1.15,11.49,1.61,-0.11,-5.75,1.15,-6.32,-1.26,8.51,5.17,3.33,0
16960,-9.08,-9.89,-3.22,-7.13,-7.93,0.23,5.52,1.84,-0.46,-2.64,4.25,5.86,2.41,1.95,4.94,4.37,0
17077,0.34,0.11,-2.76,-1.72,-1.61,-0.46,14.37,1.61,-6.55,0.57,-0.69,-1.84,-4.14,-5.06,4.60,3.79,0
17192,-0.23,-0.92,-3.79,-1.95,1.72,0.92,-1.49,-1.15,-0.00,1.49,1.49,2.41,-1.03,1.03,4.37,2.07,0
17307,0.69,-1.49,-0.69,-1.15,-0.11,1.03,2.41,0.11,1.84,2.07,2.07,-0.34,-1.72,1.26,4.02,1.38,0
17424,0.11,0.11,-1.49,-1.49,0.23,2.41,2.76,0.34,3.45,2.87,3.22,0.46,1.49,1.49,5.06,0.46,0
17541,-0.46,-0.23,-1.26,-1.95,-1.26,1.03,1.72,-1.38,2.18,3.10,3.33,0.11,1.26,1.61,5.29,2.30,0
17658,-1.61,-0.46,-1.38,-0.92,-0.57,1.03,1.95,0.46,2.07,2.64,2.87,0.34,1.26,0.34,5.52,1.38,0
17775,-0.69,0.00,-1.84,-0.69,0.23,1.72,1.38,0.46,2.07,1.95,3.22,1.26,0.46,1.15,4.94,2.07,0
17892,-0.34,0.00,-1.61,-0.69,0.00,1.72,1.84,0.57,2.53,2.07,2.99,0.57,1.26,1.26,5.17,2.53,0
18008,-1.03,-0.11,-2.30,-1.15,-0.92,3.56,1.38,0.69,-0.00,2.18,2.76,0.34,0.69,1.38,4.71,1.61,0
18123,-0.57,-0.46,-1.84,-0.80,-0.23,1.61,1.72,0.46,-0.00,2.18,2.64,0.34,1.03,0.80,4.83,1.95,0
18239,-0.92,0.00,-1.72,-0.69,0.00,1.38,1.95,0.00,1.84,2.18,2.99,0.00,0.80,0.92,4.83,1.38,0
18355,-0.69,-0.34,-2.07,-1.15,-0.46,1.61,1.95,0.23,-0.00,2.30,2.99,0.23,1.03,0.80,4.83,1.61,0
18470,-0.92,-0.34,-1.72,-1.15,-0.11,1.49,1.61,0.23,2.18,2.07,2.53,0.46,0.80,0.69,4.60,1.84,0
18587,-0.92,0.23,-1.72,-1.26,0.23,1.84,1.72,0.34,-0.00,2.18,3.33,0.57,-0.46,1.03,5.06,2.41,0
18702,-5.86,1.26,1.72,1.84,-202.31,20.46,20.35,0.80,68.28,-47.13,11.49,5.06,41.27,6.78,-1.49,-4.48,0
18819,-2.07,7.93,-0.00,5.40,6.21,12.07,1.84,17.82,-4.60,-5.17,3.22,-0.69,-3.33,7.13,-1.72,3.33,0
18934,-8.39,-4.48,0.69,2.30,-4.14,4.37,-2.87,0.46,0.46,4.14,1.49,0.23,1.49,0.92,5.40,0.23,0
19051,-3.10,1.38,0.00,-1.72,-0.80,-1.49,1.61,-0.34,-8.39,-10.35,0.80,1.84,-4.37,-19.77,7.01,0.92,0
19168,-1.84,-0.57,-0.11,-0.23,-0.80,2.53,-1.26,1.49,4.48,2.64,0.69,0.11,0.34,1.49,-2.41,1.26,0
19285,0.92,0.46,-1.49,-1.72,-0.23,4.25,1.26,0.34,2.07,3.45,2.76,0.46,-0.69,2.18,2.41,2.30,0
19401,-0.11,-0.34,-0.46,-0.57,-0.80,2.87,2.87,0.46,2.76,2.87,4.14,-1.49,-0.34,1.49,4.71,0.11,0
19518,-1.03,-0.46,-1.61,-1.03,0.00,2.53,1.84,1.84,1.95,2.64,2.53,-0.34,1.72,1.72,5.17,1.03,0
19635,-1.03,0.46,-1.72,-1.03,-0.57,2.07,1.95,0.23,2.64,2.30,3.45,0.57,1.49,1.03,4.83,1.49,0
19752,0.11,0.11,-1.72,-1.26,0.57,1.15,1.61,0.57,2.41,2.07,3.22,0.34,1.03,0.80,5.29,1.72,0
19869,-1.03,-0.57,-2.18,-1.49,-0.69,1.72,1.26,0.46,1.95,2.41,2.87,0.11,1.38,1.15,4.60,1.95,0
19985,-1.49,0.23,-1.84,-1.38,-0.69,1.72,1.03,0.80,1.95,2.30,2.64,0.69,0.00,0.92,5.17,1.95,0
20102,-0.57,-0.34,-1.84,-1.15,-0.57,1.72,1.15,0.23,1.84,2.18,2.53,0.46,0.34,0.69,5.52,2.30,0
20219,-0.80,0.00,-1.95,-0.69,-1.03,1.61,1.61,0.34,2.41,2.07,3.10,0.11,0.00,1.26,4.83,1.49,0
20336,-0.80,-0.11,-1.72,-1.61,-0.23,1.72,1.61,-0.11,2.07,2.64,3.22,0.23,-2.18,0.80,4.71,1.49,0
20453,-157.94,48.05,-19.66,-9.54,12.99,-70.23,21.15,-1.03,11.15,4.48,-45.98,-1.15,7.36,11.04,8.16,-1.03,0
20570,-7.24,10.35,-3.45,-7.70,10.35,0.92,38.28,-23.91,-0.57,-2.41,10.23,-9.54,2.64,2.64,0.46,-7.24,0
20686,-1.95,-2.18,-4.25,-2.07,-7.47,-0.80,4.37,4.25,0.92,9.54,2.76,5.86,0.46,0.34,7.36,-1.84,0
20802,0.00,-0.80,-5.06,-2.41,-6.44,1.15,1.03,-0.57,-2.99,3.68,1.84,-0.92,-4.83,-0.57,6.09,2.30,0
20919,-0.57,-3.33,-1.26,0.34,-1.38,2.87,0.23,0.57,-0.00,2.07,2.07,2.18,-0.80,1.61,4.37,3.10,0
21034,-0.57,-2.07,0.34,-3.10,0.80,1.95,-1.03,1.26,2.30,2.53,4.37,0.57,0.57,1.72,3.91,2.07,0
21151,-0.69,0.34,-1.26,-1.72,-0.46,1.49,1.72,-0.11,2.99,1.61,3.91,-0.23,-0.23,5.40,5.52,0.80,0
21268,-1.38,0.11,-1.15,-1.03,0.57,0.69,1.95,0.11,1.15,4.48,3.56,-0.34,2.99,1.84,5.52,2.18,0
21385,-1.26,0.23,-1.72,-1.49,-0.23,1.72,2.64,0.34,2.53,1.84,3.10,0.46,0.11,0.46,4.48,1.72,0
21501,-0.34,0.11,-1.61,-1.61,0.23,1.84,1.49,-0.11,2.18,2.18,2.87,0.34,0.46,0.57,5.06,2.30,0
21618,-1.26,-1.03,-1.61,-1.38,0.46,1.15,1.49,0.00,2.53,2.18,2.64,-0.11,1.38,0.46,5.29,1.95,0
21735,-0.80,-0.69,-1.84,-0.92,-0.92,1.38,1.49,0.80,1.61,2.18,2.76,0.92,0.23,0.69,4.37,2.41,0
21852,-1.15,-0.34,-1.95,-1.15,-0.69,1.49,1.15,0.34,1.72,2.41,3.10,0.11,0.80,0.57,4.71,1.95,0
21969,-0.92,0.00,-1.72,-1.38,-0.34,1.49,1.38,0.34,2.30,2.07,2.76,0.23,0.92,0.46,4.83,1.61,0
22086,-0.80,-0.23,-1.61,-1.38,0.00,1.38,1.49,0.11,1.84,1.95,2.99,0.00,0.69,0.80,5.06,1.26,0
22202,-0.80,-0.11,-1.72,-1.49,-0.23,1.61,1.38,0.69,2.30,2.30,3.45,0.34,0.46,0.92,4.94,1.84,0
22319,-0.69,-0.11,-1.95,-1.38,6.32,3.33,0.92,-0.80,-136.22,-4.71,13.10,0.57,39.20,-76.33,-5.29,5.86,0
22436,6.78,16.55,-21.50,0.69,-12.76,-15.17,-38.28,-2.99,-12.18,1.72,-0.69,-0.69,-1.72,-8.74,4.37,0.69,0
22553,-2.18,-2.87,11.38,5.40,-11.27,21.38,-5.40,1.72,-1.26,3.79,-1.84,1.38,4.37,-0.57,11.27,1.26,0
22670,1.38,-2.41,-4.60,-0.23,1.49,-12.41,0.80,4.94,-1.95,0.46,3.45,4.71,-9.77,10.92,5.98,8.05,0
22787,-0.80,-4.02,-1.03,-1.84,0.92,-0.11,-1.72,1.03,3.22,2.87,0.46,1.15,0.00,1.49,3.45,2.87,0
22903,-0.57,1.15,-2.53,-2.41,0.34,2.64,-0.23,0.23,2.99,2.76,2.87,0.57,2.18,1.03,2.53,1.15,0
23020,-0.34,-0.23,-1.95,-1.61,0.00,2.18,1.61,0.11,2.64,1.95,2.41,-1.49,0.23,1.61,4.48,1.84,0
23137,0.11,-0.69,-1.15,-1.03,-0.92,1.95,2.76,-0.11,3.10,2.07,2.99,-0.23,1.49,1.72,5.52,1.38,0
23254,-0.80,1.84,-1.72,-0.80,-0.23,2.99,1.84,0.69,2.53,2.41,3.10,0.11,1.15,0.92,4.94,1.84,0
23371,-0.57,-1.38,-1.49,-1.15,0.11,1.49,1.72,0.46,2.41,2.41,2.99,0.46,1.15,1.15,5.29,1.95,0
23487,-0.34,-0.23,-2.07,-1.49,-0.11,1.72,2.07,0.57,2.30,2.53,2.76,0.34,0.80,0.23,4.83,1.84,0
23604,-1.15,0.23,-2.07,-0.57,-1.15,1.61,1.26,0.57,1.95,2.76,2.76,0.80,0.23,0.69,4.60,2.30,0
23721,-1.15,-0.46,-1.72,-1.15,-0.80,1.61,1.38,0.11,1.84,2.30,2.76,0.23,0.23,1.26,4.48,1.61,0
23838,-0.69,-0.34,-1.95,-1.49,-0.23,1.38,1.61,0.46,1.95,2.07,3.33,-0.11,0.57,1.15,4.83,1.95,0
23955,-0.80,-0.23,-1.72,-1.61,0.00,1.72,1.72,0.23,2.07,2.53,2.76,0.11,0.92,0.80,5.06,1.72,0
24072,-0.92,-0.69,-1.61,-1.03,-0.34,2.07,1.61,0.46,1.84,2.99,2.76,0.57,-0.34,0.92,4.94,2.07,0
24188,-2.87,2.53,2.99,2.64,-136.68,34.83,13.79,0.23,66.21,-70.81,13.45,3.79,33.80,10.12,-15.06,4.48,0
24305,-5.40,7.36,-0.00,2.99,2.99,8.51,9.89,5.40,-4.02,-5.17,9.31,1.26,-5.86,3.33,-0.92,5.06,0
24420,-6.78,-1.49,0.46,8.39,-7.24,3.33,5.29,2.18,-5.75,-1.61,2.87,0.34,-6.67,2.64,3.10,4.25,0
24537,1.15,-0.46,4.48,-1.15,-5.29,-2.76,5.17,-4.37,1.61,15.29,1.95,0.34,-1.38,-1.72,5.29,3.45,0
24654,-2.76,-2.53,0.92,-1.26,0.23,1.72,-6.21,2.64,3.79,1.95,1.72,-1.84,1.03,-1.49,3.56,2.30,0
24771,1.26,-0.23,-1.84,-1.26,-0.46,2.30,1.72,0.34,1.95,5.75,2.99,-2.76,-0.57,1.95,4.02,-2.07,0
24888,0.46,0.34,-2.87,-1.61,-0.34,1.84,2.41,1.61,2.41,3.10,3.79,-1.26,1.84,1.49,4.83,0.80,0
25004,-0.34,1.03,-1.95,-2.30,0.11,1.49,2.76,0.92,2.87,2.41,4.14,0.34,1.95,1.15,5.63,0.92,0
25121,0.11,-1.03,-1.84,-1.38,0.00,1.15,1.15,2.07,2.18,2.18,3.33,0.46,1.26,0.23,5.63,1.95,0
25238,-0.46,-0.69,-1.95,-1.72,0.00,1.38,1.72,0.46,2.18,1.95,2.64,0.69,0.46,0.80,4.71,2.41,0
25355,-0.23,0.23,-2.41,-1.03,-1.03,1.84,2.18,0.23,1.72,2.64,2.64,1.15,0.80,0.92,5.17,2.41,0
25472,-0.57,-0.23,-1.72,-1.38,-0.80,1.26,0.92,0.46,1.84,2.18,2.87,0.46,0.34,1.38,4.60,1.95,0
25588,-0.46,-0.11,-1.49,-0.92,-0.69,1.61,1.49,0.57,1.72,2.41,2.99,0.34,0.80,0.80,4.25,1.72,0
25705,-0.57,-0.57,-1.84,-0.92,-0.46,1.61,0.80,0.23,1.95,2.07,3.22,0.11,0.80,0.92,5.06,1.49,0
25822,-0.46,-0.57,-1.84,-1.26,-0.34,1.49,1.61,0.23,2.18,2.18,2.87,0.23,1.38,0.69,5.06,1.26,0
25939,-0.34,0.23,-1.95,-1.26,-0.34,2.07,1.84,0.92,1.84,2.41,3.10,0.46,0.69,0.80,4.71,1.95,0
26056,-0.23,-0.11,-1.72,-0.92,-0.23,1.61,1.38,0.57,1.84,1.84,2.99,0.11,0.69,1.26,4.94,1.95,0
26173,-0.69,-0.23,-1.72,-1.49,-0.46,1.61,1.49,0.57,2.18,2.64,2.76,0.57,1.26,1.26,4.48,1.95,0
26289,-0.34,0.23,-1.72,-0.80,-0.46,1.72,1.72,0.23,1.84,2.07,2.99,0.11,0.80,0.80,4.94,2.07,0
26406,-0.57,0.34,-1.84,-1.61,-0.57,1.38,1.49,0.34,1.84,2.18,2.99,0.11,1.38,0.92,5.17,2.07,0
26523,-0.69,0.23,-1.72,-1.26,-0.11,1.72,1.61,0.23,1.95,2.07,2.87,0.46,1.38,0.92,5.17,1.26,0
26640,-0.11,0.00,-1.72,-1.61,-0.34,1.38,1.15,0.23,2.07,2.30,2.99,0.57,0.57,1.03,4.71,1.84,0
26757,-0.80,-0.23,-1.95,-1.26,-0.46,1.72,1.38,0.23,2.07,2.53,2.64,0.46,0.80,1.03,4.60,1.72,0
26874,-0.46,-0.34,-1.84,-1.38,-0.34,1.38,1.49,0.34,1.61,2.18,3.10,0.57,1.61,1.03,4.94,1.72,0
26990,-0.11,-0.23,-1.49,-1.72,0.00,1.61,1.38,0.57,1.84,2.30,2.99,0.11,1.49,0.80,5.06,1.61,0
27107,-0.57,-0.11,-1.95,-1.26,-0.11,1.49,1.49,0.69,1.84,2.41,2.99,0.57,0.69,1.15,4.71,2.07,0
27224,-0.57,-0.11,-1.61,-1.38,-0.34,1.38,1.84,0.57,2.18,2.30,2.87,-0.11,1.15,0.57,4.94,3.45,0
27341,-0.57,-0.23,-1.84,-1.03,-0.34,1.72,1.72,0.11,2.30,2.41,2.76,0.34,1.49,0.92,4.94,2.18,0
27458,-0.57,-0.11,-1.72,-1.26,-0.23,1.61,1.26,0.57,2.30,2.30,2.64,0.34,1.15,0.80,4.83,1.61,0
27574,-0.46,0.11,-1.72,-1.26,-0.34,1.72,1.49,0.00,2.07,2.41,2.99,0.11,0.92,1.03,4.94,1.26,0
27691,-0.69,0.23,-1.72,-1.49,-0.23,1.61,1.61,0.46,2.18,2.30,2.76,0.00,1.15,0.80,4.71,2.07,0
27808,-0.57,-0.34,-1.84,-1.15,-0.34,1.26,1.15,0.23,2.18,2.64,3.10,0.00,1.03,1.03,5.06,1.95,0
27925,-0.23,-0.23,-1.95,-0.80,0.11,1.61,1.61,0.69,1.84,2.41,2.99,0.57,0.57,0.69,5.06,1.49,0
28042,-0.34,0.00,-1.72,-1.26,-0.69,1.49,1.38,0.11,2.30,2.41,2.87,0.11,1.15,0.69,5.06,2.07,0
28159,-0.23,-0.57,-1.61,-1.61,-0.34,1.61,1.26,0.34,1.95,2.41,2.64,0.11,0.92,0.80,4.83,2.18,0
28275,-0.69,-0.23,-1.61,-1.26,-0.34,1.49,1.38,0.69,1.95,1.95,3.33,0.34,0.92,0.92,4.94,1.26,0
28392,-0.69,-0.23,-1.72,-1.38,-0.80,1.61,1.61,0.23,1.84,2.53,3.10,0.23,1.38,0.80,4.94,1.72,0
28509,-0.57,0.11,-1.72,-1.26,-0.57,1.72,1.03,0.23,1.95,2.53,2.41,0.34,1.03,1.03,4.71,1.72,0
28626,-0.34,0.23,-1.61,-1.15,-0.57,1.49,1.49,0.57,1.95,2.76,2.87,0.23,1.15,1.15,4.83,1.84,0
28743,-0.80,-0.23,-1.72,-1.03,-0.57,1.72,1.61,0.57,2.18,2.53,3.45,0.57,1.15,1.03,4.94,2.18,0
28859,-0.11,-0.34,-1.72,-1.49,-0.23,1.84,1.49,0.69,2.18,2.30,2.76,0.46,0.69,1.15,4.94,1.84,0
28976,-0.57,0.34,-1.95,-0.92,-0.23,1.38,1.49,0.46,2.18,1.95,3.22,0.57,0.80,1.03,4.94,1.72,0
29093,-0.34,-0.23,-1.72,-1.49,-0.69,1.61,1.61,0.34,1.72,2.53,3.10,0.00,1.26,1.03,4.94,1.38,0
29210,-0.57,-0.11,-1.84,-1.03,-0.23,1.15,1.38,0.92,2.07,2.53,3.22,0.46,0.92,1.15,4.71,2.18,0
29327,-0.11,-0.46,-1.72,-1.26,-0.69,1.61,1.61,0.46,2.18,2.30,2.99,0.11,1.26,1.03,4.94,2.30,0
29444,-0.69,-0.69,-3.56,-1.15,-0.23,1.61,1.49,0.23,1.95,2.30,3.22,0.34,1.26,0.80,5.06,1.72,0
29560,-0.80,-0.46,-1.49,-1.26,-0.23,1.49,1.49,0.69,1.61,2.18,2.87,0.11,0.92,1.15,4.71,1.72,0
29677,-0.34,-0.11,-1.49,-0.80,-0.46,1.49,1.26,0.34,2.18,2.41,2.87,0.46,0.92,0.92,4.71,2.30,0
29794,-0.34,-0.11,-1.84,-1.03,-0.34,1.61,1.72,0.23,1.72,2.07,2.87,0.69,1.49,1.26,4.60,1.61,0
29911,-0.80,-0.34,-1.38,-1.38,-0.34,1.61,1.38,0.00,1.95,2.18,2.87,0.23,0.92,0.69,4.60,2.07,0
30028,-0.46,-0.11,-1.72,-1.38,-0.46,1.61,1.72,0.92,2.18,2.30,2.87,0.69,0.57,0.80,4.83,1.72,0
30145,-0.57,-0.23,-1.84,-0.92,-0.23,1.49,1.61,0.69,1.95,2.41,3.33,0.11,1.15,0.80,4.94,1.95,0
30261,-0.57,-0.23,-2.18,-1.84,-0.80,1.72,1.84,0.11,1.84,2.30,2.87,0.23,1.26,1.38,5.06,1.95,0
30378,-0.23,0.00,-1.72,-1.03,-0.69,1.84,1.49,0.34,1.95,2.30,3.22,0.34,0.57,0.80,5.06,1.61,0
30495,-0.57,0.11,-1.84,-1.49,-0.46,1.84,1.72,-0.11,1.84,2.41,2.99,0.23,1.03,1.15,5.06,2.07,0
30612,-0.92,-0.11,-1.84,-1.72,-0.46,1.26,1.26,0.11,2.18,2.41,2.53,0.23,0.69,0.57,5.29,1.72,0
30729,-0.23,0.00,-1.72,-1.26,-0.23,1.84,1.49,0.23,2.07,2.41,3.10,0.23,1.03,0.92,4.83,1.84,0
30845,-0.57,-0.11,-1.72,-0.46,-0.11,1.49,1.61,0.34,2.18,2.07,2.87,0.11,0.80,1.03,4.83,1.84,0
30962,-0.34,-0.46,-1.72,-0.92,-0.57,1.61,1.61,0.46,1.95,2.18,2.87,0.46,1.03,1.15,4.94,1.84,0
31079,-0.57,0.00,-1.72,-1.26,-0.11,1.26,1.61,0.34,1.72,2.30,2.87,0.34,0.80,0.92,4.71,1.95,0
31196,-0.57,0.00,-1.72,-1.26,-0.46,1.38,1.84,0.34,2.07,2.07,3.22,0.69,1.26,0.57,4.94,1.61,0
31313,-0.46,0.23,-2.18,-1.49,-0.11,1.26,1.38,0.80,1.95,2.18,2.76,0.34,1.15,1.38,4.48,1.72,0
31430,-0.92,-0.80,-1.84,-1.03,-0.46,1.72,1.38,0.23,1.72,2.41,2.87,0.46,0.92,0.46,4.71,2.07,0
31546,-0.34,-0.23,-1.72,-1.49,-0.34,1.61,1.72,0.57,2.53,2.18,3.10,0.23,0.92,1.03,4.48,1.72,0
31663,-0.69,-0.57,-1.84,-1.15,-0.34,1.84,1.61,0.00,2.41,2.30,2.99,0.34,0.92,1.15,4.94,2.07,0
31780,-0.46,-0.23,-1.61,-1.26,-0.23,1.38,1.38,0.23,1.84,2.30,2.64,0.23,1.26,1.26,5.06,1.72,0
31897,-0.46,-0.69,-1.61,-1.15,-0.23,1.49,1.26,0.46,2.18,2.18,3.10,0.34,1.03,0.80,4.71,2.07,0
32014,-0.57,-0.23,-1.61,-1.26,-0.11,1.49,1.49,0.34,2.18,2.41,3.22,0.46,0.92,1.03,4.94,1.61,0
32131,-0.34,-0.11,-1.72,-1.38,-0.80,1.72,1.72,0.00,2.07,2.18,3.33,0.57,1.38,0.92,4.94,1.84,0
32247,-0.34,-0.11,-1.61,-0.57,-0.80,1.49,1.84,0.46,2.07,1.95,3.10,0.23,0.80,0.46,4.71,0.92,0
32364,-0.80,-0.34,-1.61,-1.49,-0.34,1.61,1.49,0.11,2.07,2.30,3.10,-0.11,0.92,1.03,5.40,2.07,0
32481,-0.46,0.00,-1.95,-1.26,-0.34,1.26,1.49,0.46,2.30,2.41,2.87,0.11,0.69,0.69,4.71,2.18,0
32598,-0.46,-0.23,-1.84,-0.92,-0.57,1.49,1.61,0.34,1.95,2.30,2.99,0.34,1.03,0.92,4.94,1.72,0
32715,-0.46,0.11,-1.84,-1.26,-0.46,1.61,1.61,0.23,2.07,2.41,2.76,0.34,1.15,1.03,4.71,2.07,0
32831,-0.57,-0.11,-1.38,-1.03,-0.69,1.26,1.38,-0.34,1.84,1.95,2.99,0.80,0.57,0.92,4.94,1.84,0
32948,-0.46,0.34,-1.95,-0.92,-0.57,1.72,1.61,0.34,2.07,2.41,2.76,0.23,0.92,1.03,4.94,2.18,0
33065,-0.34,-0.11,-1.72,-1.15,-0.34,1.61,1.15,0.23,1.84,2.30,2.99,0.11,0.92,0.34,4.83,2.07,0
33182,-0.11,-0.11,-1.61,-1.38,-0.46,1.49,1.49,0.34,1.38,2.41,2.99,0.57,1.03,0.80,5.17,2.07,0
33299,-0.69,-0.23,-1.72,-0.92,-0.46,1.72,1.49,0.46,1.95,2.41,2.87,0.11,0.80,0.92,5.06,1.72,0
33416,-0.57,-0.57,-1.61,-1.72,-0.23,1.15,1.61,-0.23,2.53,2.30,3.22,0.23,0.92,0.92,4.83,2.07,0
33532,-0.23,0.00,-1.49,-1.26,-0.46,1.84,1.26,0.23,2.18,2.18,2.99,0.57,1.49,0.69,4.83,1.84,0
33649,-0.23,0.11,-1.84,-0.92,-0.46,1.49,1.49,0.46,1.72,2.41,3.10,0.11,0.80,0.92,4.83,1.61,0
33766,-0.34,-0.34,-2.07,-1.49,-0.69,1.72,1.49,-0.34,2.30,2.07,2.99,0.00,1.26,0.57,4.71,2.18,0
33883,-0.69,0.11,-1.61,-1.26,-0.34,1.49,1.38,0.23,2.07,2.41,2.99,0.11,1.03,0.80,4.94,1.72,0
34000,-0.11,-0.23,-1.49,-1.38,-0.34,1.49,1.38,0.46,2.07,2.64,2.64,0.34,1.15,1.38,4.71,1.84,0
34117,-0.57,-0.34,-1.61,-1.49,-0.34,1.49,1.38,0.00,1.95,2.07,2.76,0.34,0.69,0.46,4.94,1.72,0
34233,-0.69,-0.34,-1.95,-1.26,-0.34,1.15,1.38,0.34,2.07,2.41,2.99,0.23,1.03,0.57,4.71,1.95,0
34350,-0.57,0.23,-1.72,-1.15,-0.23,1.72,1.61,0.11,1.84,2.18,3.10,0.11,1.15,1.26,4.94,1.72,0
34467,-0.46,-0.23,-1.84,-1.03,-0.34,1.49,1.26,0.11,1.72,2.41,3.10,0.57,0.80,0.92,4.83,1.49,0
34584,-0.46,-0.11,-1.61,-1.26,-0.46,1.61,1.49,0.69,1.95,2.18,2.99,0.69,1.15,1.03,5.17,1.95,0
34701,-0.46,-0.34,-1.84,-1.03,-0.23,1.61,1.61,0.46,1.84,2.30,2.64,0.34,0.92,0.80,4.94,1.72,0
34817,-0.80,-0.11,-1.61,-1.15,-0.34,1.61,1.26,0.11,1.95,2.41,2.87,0.46,1.03,1.03,4.60,1.72,0
34934,-0.23,-0.23,-2.18,-1.38,-0.57,1.72,1.72,0.23,1.84,2.64,2.76,0.69,1.15,0.92,5.17,1.72,0
35051,-0.57,-0.57,-1.72,-1.72,-0.57,1.61,1.38,0.23,2.07,2.18,2.99,0.11,1.26,0.80,5.06,1.95,0
35168,-0.69,-0.11,-1.72,-0.92,-0.57,1.38,1.61,0.34,1.84,2.41,2.87,0.23,0.92,1.15,5.17,1.49,0
35285,-0.80,-0.46,-1.26,-1.15,0.11,1.72,1.61,0.23,1.95,2.41,2.76,0.11,0.69,1.15,4.60,0.23,0
35402,-0.57,-0.23,-1.38,-1.26,-0.57,1.61,1.49,-0.11,2.18,2.07,3.10,0.46,1.26,0.69,4.71,2.07,0
35518,-0.23,-0.11,-1.84,-1.15,-0.34,1.15,1.61,0.69,2.07,2.18,2.76,0.69,1.26,1.03,4.71,1.61,0
35635,-0.57,0.00,-1.95,-1.49,-0.34,1.61,1.38,0.00,2.18,2.41,3.10,0.34,1.03,0.69,4.48,1.95,0
35752,-0.69,-0.34,-1.95,-0.46,-0.34,1.84,1.72,0.34,1.95,2.18,3.10,0.46,0.57,1.15,4.94,2.18,0
35869,-0.11,0.00,-1.95,-0.92,-0.46,1.61,1.49,0.69,2.18,2.64,2.87,0.00,0.92,1.03,5.06,1.95,0
35986,-0.23,-0.34,-1.61,-1.15,-0.46,1.38,1.26,0.34,1.84,2.76,2.76,0.11,1.49,0.69,4.71,2.07,0
36103,-0.46,-0.34,-1.95,-1.26,-0.80,1.84,1.61,0.57,1.84,2.18,2.76,0.34,1.38,1.26,4.94,1.72,0
36219,-0.69,-0.23,-1.72,-1.15,-0.69,1.84,1.26,0.46,1.84,2.64,2.99,0.00,0.80,0.69,4.37,1.38,0
36336,-0.46,-0.80,-1.49,-1.49,-0.46,1.49,1.72,0.34,1.84,2.41,3.10,0.23,1.03,0.80,4.94,1.61,0
36453,-0.57,-0.57,-1.84,-1.15,-0.46,1.72,1.72,0.46,2.30,2.41,2.99,0.46,0.92,0.80,5.17,1.84,0
36570,-0.23,-0.23,-3.56,-1.03,-0.34,2.07,1.49,0.80,2.07,2.18,2.53,0.46,1.03,1.49,4.37,1.95,0
36687,-0.57,0.23,-1.49,-1.26,-0.23,1.61,1.61,0.92,2.18,2.30,3.10,0.11,0.92,1.03,4.60,1.61,0
36803,-0.80,-0.11,-1.72,-1.26,-0.57,1.72,1.49,0.46,1.95,2.07,2.87,0.57,0.80,1.15,4.94,1.72,0
36920,-0.11,-0.23,-1.95,-1.03,-0.23,1.61,1.49,0.00,2.07,2.41,3.10,0.46,0.80,1.03,5.06,2.18,0
37037,-0.46,-0.11,-1.95,-1.38,-0.23,1.95,1.26,0.34,1.72,2.18,2.76,0.34,1.03,1.49,4.37,1.84,0
37154,-0.57,0.00,-1.72,-1.26,-0.46,1.49,1.61,0.57,2.07,2.41,3.10,0.34,0.69,1.03,4.71,1.38,0
37271,-0.46,-0.46,-1.72,-1.15,-0.34,1.95,1.72,0.34,2.07,2.30,2.76,0.23,1.03,1.15,4.94,1.95,0
37388,-0.57,0.11,-1.49,-0.92,-0.46,1.26,1.26,0.23,1.95,2.07,2.87,0.57,0.80,0.92,5.06,1.95,0
37504,-0.69,-0.23,-1.84,-1.26,-0.23,1.72,1.72,0.57,1.84,2.30,2.87,0.23,0.92,0.80,5.17,2.18,0
37621,-0.46,-0.23,-1.72,-1.38,-0.46,1.26,1.72,0.46,2.18,2.30,2.87,0.11,1.26,1.03,4.83,1.84,0
37738,-0.46,-0.23,-1.95,-1.38,-0.23,1.72,1.72,0.23,2.41,2.18,2.64,0.23,0.92,0.92,4.94,2.18,0
37855,-0.80,-0.11,-1.72,-1.15,-0.57,1.84,1.49,0.23,1.72,2.41,2.64,0.11,0.46,0.80,5.06,2.07,0
37972,-0.46,-0.46,-1.72,-1.72,-0.69,1.38,1.61,0.11,1.95,2.41,2.99,0.00,0.92,0.92,4.83,2.07,0
38089,-0.57,-0.34,-1.38,-1.03,-0.34,1.61,1.38,0.23,1.72,2.30,2.53,0.46,1.49,1.38,4.94,1.95,0
38205,-0.69,-0.46,-1.72,-1.03,-0.57,1.49,1.26,0.80,1.84,2.18,3.10,0.46,1.03,0.92,4.94,1.95,0
38322,-0.69,-0.11,-1.72,-1.03,-0.80,1.61,1.38,0.57,1.61,2.53,2.64,0.23,1.38,1.03,5.29,2.18,0
38439,-0.11,-0.57,-1.72,-1.03,-0.57,1.49,1.38,0.34,1.95,2.18,2.64,0.23,1.03,1.15,4.94,2.18,0
38556,-0.80,-0.23,-1.84,-1.15,-0.23,1.72,1.49,0.11,1.95,2.41,2.99,0.00,1.15,1.15,4.94,1.84,0
38673,-0.46,-0.34,-1.95,-1.26,-0.34,1.38,1.49,0.46,1.84,2.53,2.99,0.11,0.69,0.80,5.17,1.72,0
38789,-0.34,-0.46,-1.61,-1.61,-0.46,1.61,1.38,0.23,2.18,2.30,2.99,0.00,0.80,1.38,4.60,1.84,0
38906,-0.34,-0.11,-1.61,-1.26,-0.57,1.38,1.15,0.11,2.18,2.53,3.22,0.00,0.92,0.92,4.94,1.61,0
39023,-0.69,-0.23,-1.72,-1.38,-0.46,1.49,1.72,0.34,1.84,2.07,2.87,0.00,1.15,0.92,4.37,1.72,0
39140,-0.34,-0.57,-1.95,-1.61,-0.80,1.03,1.26,0.57,1.84,2.76,3.22,0.11,0.69,1.03,5.29,2.07,0
39257,-0.46,-0.11,-1.72,-1.26,-0.11,1.49,1.49,0.34,2.18,2.30,3.10,0.11,1.26,1.03,4.83,3.56,0
39374,-0.69,0.00,-1.61,-1.15,-0.80,1.95,1.49,0.23,2.07,2.64,2.64,0.57,1.72,0.69,4.83,2.07,0
39490,-0.57,0.11,-1.95,-1.38,-0.34,1.72,1.72,0.46,1.95,2.30,2.87,0.34,0.57,1.15,4.71,1.61,0
39607,0.11,-0.34,-1.72,-1.61,-0.57,1.72,1.49,0.34,1.95,2.18,3.10,-0.23,1.26,1.15,5.29,1.61,0
39724,-0.46,0.00,-1.84,-0.92,-0.57,1.84,1.49,0.46,1.95,2.41,2.76,0.92,1.15,0.80,4.60,1.84,0
39841,-0.23,-0.23,-1.72,-1.03,-0.34,1.72,1.61,0.57,1.84,2.30,2.87,0.34,0.80,0.69,5.06,1.84,0
39958,-0.46,-0.34,-1.49,-1.38,-0.69,1.15,1.95,0.23,2.30,2.07,3.10,0.46,1.03,0.92,4.83,1.95,0
40075,-0.46,-0.23,-1.95,-1.72,-0.92,1.26,1.38,0.80,1.84,2.30,2.53,0.34,0.69,0.46,4.94,1.49,0
40191,-0.23,-0.11,-1.49,-1.15,-0.34,1.72,1.26,0.69,1.61,2.53,2.99,0.57,0.34,0.92,4.94,1.72,0
40308,-0.46,-0.46,-1.38,-1.49,-0.34,1.15,1.38,0.23,1.72,2.30,3.22,0.23,0.80,0.80,4.83,1.95,0
40425,-0.34,0.00,-1.61,-1.03,-0.46,1.61,1.49,0.34,1.84,2.18,2.87,0.23,0.80,0.69,4.60,1.49,0
40542,-0.57,-0.46,-1.84,-1.49,-0.46,1.61,1.38,0.00,1.61,2.30,2.76,0.34,1.03,1.15,4.83,1.95,0
40659,-0.46,-0.57,-1.95,-1.49,-0.57,1.49,1.61,0.00,1.95,2.53,2.99,0.34,1.03,1.03,4.94,1.84,0
40775,-0.57,0.00,-1.72,-1.03,0.11,1.84,1.72,0.34,1.95,2.64,3.10,0.00,0.92,1.03,4.83,1.84,0
40892,-0.57,0.00,-1.84,-1.26,-0.46,1.61,1.49,0.69,2.30,2.30,2.64,0.11,0.92,0.92,4.94,1.61,0
41009,-0.34,-0.11,-1.49,-1.03,-0.11,1.84,1.38,0.57,2.18,2.53,2.99,0.57,0.80,0.57,5.29,2.07,0
41126,-0.69,0.00,-1.49,-1.49,-0.34,1.26,1.72,0.34,1.95,2.30,2.76,0.23,1.26,1.15,4.94,1.95,0
41243,-0.34,-0.46,-1.61,-0.80,-0.69,1.49,1.61,0.57,2.18,1.95,3.10,0.11,0.92,1.15,5.06,1.84,0
41360,-0.34,0.00,-1.61,-1.15,-0.34,1.38,1.49,0.46,2.07,2.18,3.10,0.23,1.15,0.92,4.94,1.49,0
41476,-0.57,0.00,-1.72,-0.80,-0.34,1.38,1.38,0.34,1.95,2.41,2.87,0.34,0.80,1.38,4.71,2.18,0
41593,-0.69,-1.84,-1.72,-1.03,-0.34,1.38,1.38,0.80,1.95,2.07,2.99,0.23,1.15,0.80,4.94,1.95,0
41710,-0.69,-0.11,-1.61,-1.15,-0.23,1.72,1.61,0.69,1.84,2.30,2.64,0.00,1.38,0.92,4.94,1.84,0
41827,-0.69,-0.46,-1.84,-1.15,-0.69,1.72,1.61,0.34,2.07,2.41,2.99,0.11,1.26,0.69,5.17,2.18,0
41944,-0.57,0.00,-1.61,-1.15,-0.69,1.49,1.49,0.69,2.18,2.30,3.10,0.46,1.15,1.15,4.94,1.84,0
42060,-0.46,0.11,-1.61,-1.38,-0.34,1.49,1.61,0.23,1.95,2.18,3.22,0.34,1.26,0.92,4.60,1.49,0
42177,-0.57,0.00,-1.84,-1.84,-0.57,1.61,1.61,0.57,2.07,2.07,2.99,0.69,1.03,1.26,5.29,2.18,0
42294,-0.34,-0.11,-1.38,-1.72,-0.23,1.84,1.49,0.57,1.72,2.64,2.99,0.23,0.80,1.15,4.94,1.95,0
42411,-0.46,0.00,-1.95,-1.38,-0.34,1.84,1.61,0.11,1.95,2.30,2.64,0.23,0.69,0.92,5.06,1.49,0
42528,-0.57,-0.46,-1.84,-1.15,-0.69,1.26,1.49,0.34,2.07,2.30,2.76,0.46,0.80,1.03,4.94,1.84,0
42645,-0.23,0.00,-2.07,-1.26,-0.57,1.84,1.38,0.11,1.84,1.95,2.99,0.23,0.46,0.92,4.83,1.49,0
42761,-0.34,0.11,-1.95,-0.92,-0.57,1.61,1.84,0.80,2.07,2.41,2.87,0.57,1.26,1.15,5.40,1.72,0
42878,-0.69,0.00,-1.84,-1.38,-0.69,1.49,1.49,0.80,1.95,2.53,2.99,0.23,1.15,1.03,4.94,1.61,0
42995,-0.34,-0.46,-1.72,-1.15,-0.46,1.84,1.49,0.46,1.72,2.41,2.76,-1.61,0.92,0.80,4.83,1.61,0
43112,-0.46,0.00,-1.72,-1.15,-0.11,1.72,1.84,0.23,2.07,2.18,2.99,0.00,1.15,1.03,4.60,1.84,0
43229,-0.69,-0.34,-1.84,-1.61,-0.46,1.26,1.49,0.34,2.18,2.30,3.10,0.69,0.57,0.80,4.94,1.84,0
43346,-0.34,-0.57,-1.72,-1.26,-0.34,1.72,1.49,0.46,1.84,2.07,3.10,0.11,0.92,0.80,4.71,1.72,0
43462,-0.34,0.00,-1.84,-1.03,-0.11,1.72,1.38,0.57,2.07,2.30,2.99,0.34,1.03,1.15,4.94,1.72,0
43579,-0.46,-0.11,-1.61,-1.03,-0.57,1.95,1.61,0.11,1.84,2.41,3.10,0.23,1.15,0.80,4.71,2.07,0
43696,-0.23,-0.34,-1.72,-0.92,-0.11,1.84,1.38,0.92,1.95,2.41,2.87,0.11,0.92,0.80,5.06,1.49,0
43813,-0.46,-0.11,-2.07,-1.38,-0.11,1.72,1.49,0.34,1.95,2.18,2.99,0.46,0.69,1.03,4.83,1.61,0
43930,-0.80,-0.23,-1.84,-1.49,-0.23,1.61,1.61,0.34,2.07,2.18,3.10,0.23,0.80,1.15,4.71,1.84,0
44046,-0.92,0.00,-1.72,-1.15,-0.34,1.49,1.49,0.11,2.30,2.18,2.87,0.34,0.80,1.15,4.60,1.84,0
44163,-0.34,-0.11,-2.07,-1.15,-0.57,1.95,1.72,0.11,2.30,2.30,2.76,0.23,0.80,0.69,5.17,1.95,0
44280,-0.23,0.00,-1.84,-1.15,-0.92,1.72,1.61,0.23,2.07,2.18,2.64,0.23,1.03,1.03,4.83,1.84,0
44397,-0.69,-0.11,-1.95,-0.92,-0.80,1.72,1.38,0.46,2.07,2.64,2.99,0.00,0.92,1.15,4.83,1.95,0
44514,-0.46,0.00,-2.07,-1.49,-0.34,1.95,1.38,0.46,1.61,2.41,2.87,0.23,0.80,0.92,4.94,1.72,0
44631,-0.46,-0.34,-1.84,-1.38,-0.34,1.72,1.61,0.69,1.95,2.41,2.76,0.57,0.92,0.80,4.94,1.61,0
44747,-0.46,0.11,-1.61,-1.15,-0.23,1.49,1.72,0.46,2.30,2.53,2.99,0.46,1.26,1.03,4.94,1.95,0
44864,-0.69,-0.23,-1.84,-1.03,-0.57,1.61,1.49,0.57,2.41,2.41,2.99,0.34,0.80,1.15,5.40,1.72,0
44981,-0.46,-0.34,-1.61,-1.26,-0.46,1.49,1.26,0.46,2.18,2.30,2.64,0.00,0.57,0.92,4.83,1.95,0
45098,-0.57,0.00,-1.84,-1.15,-0.23,1.49,1.26,0.11,1.95,2.64,2.87,0.11,1.15,0.92,5.06,1.95,0
45215,-0.80,-0.46,-1.72,-1.61,-0.23,1.49,1.38,0.69,2.07,2.41,2.87,0.34,1.38,1.26,4.71,2.07,0
45332,-0.57,-0.34,-1.61,-1.84,-0.69,1.72,1.49,0.11,1.95,2.41,2.87,0.11,1.03,0.80,4.94,1.72,0
45448,-0.34,0.11,-1.49,-1.61,-0.34,1.61,1.49,-0.23,2.18,2.30,3.10,0.46,0.80,0.69,4.60,1.84,0
45565,-0.69,-0.69,-1.72,-1.49,-0.57,1.72,1.72,0.34,2.07,2.64,2.87,0.57,1.03,1.15,4.71,1.95,0
45682,-0.69,-0.23,-1.95,-1.15,-0.11,1.61,1.61,0.34,2.07,2.64,2.99,0.46,1.03,0.80,4.71,2.07,0
45799,-0.23,-0.23,-1.61,-1.49,-0.57,1.49,1.26,0.46,2.07,2.41,3.10,0.00,0.92,0.92,4.60,1.84,0
45916,-0.46,-0.23,-1.72,-1.15,-0.46,3.56,1.84,0.69,2.07,2.76,2.76,-0.11,1.26,0.80,5.06,1.61,0
46032,-0.57,-0.23,-1.84,-1.26,-0.46,1.84,1.49,0.23,1.95,2.41,2.64,0.34,1.03,0.69,4.94,2.07,0
46149,-0.69,-0.23,-1.72,-1.49,-0.57,1.72,1.38,-0.23,1.61,2.18,3.22,0.23,1.03,0.80,4.94,1.61,0
46266,-0.34,-0.46,-1.84,-1.03,-0.34,1.61,1.72,0.23,1.61,2.41,2.99,-0.11,0.69,0.69,4.83,2.07,0
46383,-0.46,-0.11,-1.84,-1.26,-0.11,1.49,1.61,0.34,2.07,2.53,3.22,0.57,0.69,0.80,5.29,1.38,0
46500,-0.46,-0.11,-1.95,-1.38,-0.46,1.38,1.95,0.00,1.84,2.41,3.22,0.57,1.03,1.26,4.94,2.07,0
46617,-0.34,-0.23,-1.84,-1.26,-0.57,1.72,1.26,0.34,1.49,2.30,2.99,0.23,0.92,0.69,5.06,1.49,0
46733,-0.46,0.11,-1.49,-1.03,-0.23,1.72,1.15,0.57,2.07,2.76,2.76,0.57,0.69,0.80,4.83,1.61,0
46850,-0.57,-0.23,-1.72,-1.15,-0.34,1.15,1.38,0.57,2.18,2.64,2.99,0.11,0.57,0.92,4.94,1.61,0
46967,0.00,0.00,-1.49,-1.15,-0.46,1.61,1.49,0.23,1.95,2.30,2.87,0.34,0.92,0.69,4.83,1.72,0
47084,-0.23,-0.23,-2.30,-1.49,-0.57,1.72,1.26,0.34,1.72,2.53,2.87,0.00,0.80,1.03,5.17,1.72,0
47201,-0.46,0.11,-1.72,-1.61,-0.57,1.61,1.15,0.57,1.72,2.18,3.22,0.57,0.80,0.80,4.48,1.84,0
47318,-0.69,-0.11,-1.61,-1.15,-0.46,1.72,1.61,0.46,1.95,2.87,2.30,0.34,0.69,1.38,4.60,1.61,0
47434,-0.46,-0.34,-1.49,-1.15,-0.69,1.84,1.15,0.23,2.07,2.41,2.76,0.34,1.15,0.69,4.94,1.38,0
47551,-0.69,-0.46,-1.49,-1.15,-0.23,1.61,1.38,0.46,1.95,2.53,2.99,0.34,1.26,0.80,4.71,0.34,0
47668,-0.34,0.11,-1.61,-1.26,-0.11,1.49,1.49,0.46,1.95,2.41,3.10,0.11,0.69,0.80,5.06,1.84,0
47785,-0.34,-0.34,-1.95,-1.61,-0.69,1.61,1.84,0.46,2.07,2.53,3.10,0.46,0.92,1.03,4.94,1.95,0
47902,-0.57,0.00,-1.61,-1.15,-0.23,1.38,1.38,0.34,2.41,2.64,2.76,0.34,1.15,0.92,5.06,1.84,0
48018,-0.46,-0.57,-1.72,-1.49,-0.46,1.26,1.84,0.34,2.07,2.53,3.22,0.23,1.26,0.69,4.71,1.61,0
48135,-0.34,-0.11,-1.84,-1.15,-0.34,1.61,1.26,0.34,2.18,2.41,2.99,0.57,0.80,0.57,4.60,1.61,0
48252,-0.57,-0.23,-1.61,-0.92,-0.46,1.84,1.38,0.57,1.95,2.07,2.76,0.46,1.26,1.03,4.94,1.84,0
48369,-0.80,-0.34,-1.61,-0.69,-0.57,1.38,1.38,0.23,1.72,2.53,3.22,0.23,0.57,0.92,4.94,1.72,0
48486,-0.57,0.00,-1.61,-1.61,0.11,1.72,1.38,0.80,2.18,2.30,2.99,0.34,1.15,0.92,5.06,1.84,0
48603,-0.57,-0.11,-1.95,-1.49,-0.34,1.84,1.84,0.46,2.07,2.07,3.33,0.34,0.92,0.69,4.94,1.84,0
48719,-0.46,0.00,-1.72,-1.03,-0.46,1.61,1.49,0.46,1.84,2.30,2.41,-0.11,0.92,1.38,4.94,1.84,0
48836,-0.34,-0.80,-1.72,-1.03,-0.57,1.49,1.84,0.00,2.07,2.41,2.99,0.34,0.92,0.80,4.71,1.61,0
48953,-0.80,-0.11,-1.95,-1.26,-0.34,1.49,1.61,0.57,2.18,2.53,2.99,0.34,1.03,1.03,5.17,1.84,0
49070,-0.34,-0.23,-1.61,-1.38,-0.23,1.38,1.49,0.11,2.07,2.18,3.10,0.34,1.03,1.03,5.17,1.95,0
49187,-0.69,-0.23,-1.49,-1.15,-0.46,1.72,1.84,0.23,1.95,2.41,3.22,0.11,1.15,0.92,5.06,1.61,0
49304,-0.92,0.00,-1.49,-1.61,-0.34,1.38,1.61,0.46,2.07,2.07,2.87,-0.34,0.92,0.92,4.94,1.95,0
49420,-0.34,-0.46,-1.72,-1.38,-0.11,1.61,1.26,0.46,2.18,2.07,3.10,0.34,0.69,0.80,5.17,1.49,0
49537,-0.23,-0.46,-3.68,-0.92,-0.11,1.61,1.26,0.46,1.95,2.30,2.87,0.23,1.15,1.03,5.06,1.72,0
49654,-0.57,0.23,-1.49,-1.26,-0.34,1.72,1.49,0.23,2.18,2.41,2.76,0.34,1.15,0.69,5.17,2.07,0
49771,-0.80,-0.23,-1.72,-1.26,-0.46,1.72,1.26,0.23,2.07,2.53,2.87,0.57,0.92,0.92,4.71,1.72,0
49888,-0.57,-0.34,-1.49,-1.38,-0.46,1.84,1.49,0.69,2.07,2.18,3.10,0.46,0.69,0.92,5.06,1.72,0
50004,-0.69,-0.11,-1.84,-1.38,-0.69,1.26,1.61,0.46,2.07,2.41,2.76,0.46,1.26,0.57,5.06,1.84,0
50121,-0.23,-0.34,-1.72,-1.38,-0.46,1.38,1.72,0.57,1.95,2.53,2.87,0.46,1.15,1.03,5.17,1.72,0
50238,-0.69,-0.11,-1.84,-1.38,-0.57,1.26,1.72,0.46,2.18,2.53,2.99,0.46,1.15,0.92,4.60,1.72,0
50355,-0.69,0.00,-2.07,-1.15,-0.57,1.38,1.49,0.34,2.07,1.84,3.10,0.23,1.03,0.69,4.71,1.49,0
50472,0.00,-0.11,-1.84,-1.15,-0.57,1.72,1.49,0.57,2.30,2.41,2.76,0.46,0.46,1.03,5.06,1.95,0
50589,-0.23,-0.34,-2.07,-1.49,-0.23,1.72,1.49,0.69,2.18,2.30,2.99,0.11,0.92,0.92,4.83,1.72,0
50705,-0.34,-0.23,-1.61,-1.15,-0.34,1.38,1.26,0.23,1.95,2.41,2.87,0.23,1.38,0.80,4.60,1.84,0
50822,-0.34,0.00,-1.84,-1.49,-0.46,1.61,1.38,0.80,2.07,2.18,2.99,0.23,1.03,1.15,5.06,1.84,0
50939,-0.11,0.00,-1.84,-1.15,-0.46,1.72,1.26,0.69,1.95,2.18,2.87,0.23,0.69,0.92,4.71,1.84,0
51056,-0.34,0.00,-1.84,-1.15,-0.11,1.38,1.03,0.46,1.84,2.41,2.76,0.57,1.38,0.80,4.94,1.61,0
51173,-0.34,-0.46,-1.61,-1.38,-0.23,1.15,1.61,0.23,1.72,2.18,2.99,0.11,0.46,0.80,4.71,1.72,0
51290,-0.46,0.34,-1.49,-1.03,-0.23,1.61,1.49,0.34,2.18,2.41,2.53,0.11,1.26,0.80,4.94,1.49,0
51406,-0.69,-0.34,-1.61,-1.15,-0.80,1.61,1.26,0.11,2.18,1.95,2.76,0.00,0.92,0.80,4.83,1.84,0
51523,-0.46,-0.34,-1.84,-1.26,-0.11,1.72,1.49,0.34,2.07,2.41,3.22,0.46,1.03,0.92,4.60,1.84,0
51640,-0.34,-0.11,-1.61,-1.15,-0.46,1.61,1.26,0.34,2.18,2.30,2.87,0.23,1.38,1.03,4.37,1.61,0
51757,-0.57,-0.57,-1.72,-1.15,-0.57,1.49,1.84,0.23,1.84,2.41,2.76,0.46,1.03,1.03,4.83,1.95,0
51874,-0.34,0.00,-1.49,-1.15,-0.69,1.61,1.49,0.34,2.07,2.18,2.99,0.11,1.03,1.38,4.94,1.84,0
51990,-0.46,0.34,-1.38,-1.15,-0.23,1.49,1.49,0.46,2.07,1.95,2.87,0.46,0.46,1.03,4.94,1.84,0
52107,-0.57,-0.11,-1.95,-1.15,-0.46,1.61,1.49,0.80,1.95,2.41,2.99,-0.11,1.03,0.92,5.17,1.84,0
52224,-0.46,-0.80,-1.49,-1.26,-0.34,1.61,1.38,0.46,2.30,2.30,2.87,0.46,0.92,1.03,5.17,1.49,0
52341,-0.46,0.11,-1.72,-1.26,-0.23,1.72,1.49,0.46,1.95,2.53,2.64,0.11,1.15,1.03,4.94,1.95,0
52458,-0.69,0.00,-1.95,-1.84,-0.57,1.38,1.38,0.46,1.84,2.30,2.64,0.34,0.80,0.80,4.83,1.95,0
52575,-0.92,-1.03,-1.72,-0.69,-0.34,1.61,1.26,-0.23,2.30,2.41,2.99,0.11,1.03,1.03,4.83,1.61,0
52691,-0.80,-0.11,-2.07,-1.26,-0.69,1.84,1.38,0.00,2.18,2.30,2.64,0.23,0.80,0.92,5.06,1.84,0
52808,-0.23,-0.11,-2.07,-1.38,-0.57,1.49,1.49,0.11,2.07,2.41,2.87,0.46,1.03,0.92,4.94,1.84,0
52925,-0.11,0.00,-1.72,-1.26,-0.80,1.84,1.38,0.23,2.18,2.18,2.76,0.00,1.26,0.92,4.83,2.07,0
53042,-0.46,0.23,-1.49,-1.15,0.11,1.84,1.38,0.46,2.07,2.53,2.99,0.57,1.15,0.46,4.94,1.72,0
53159,-0.46,-0.34,-1.84,-1.49,-0.57,1.72,1.38,0.23,2.18,2.30,2.99,0.11,1.15,0.80,4.60,1.95,0
53276,-0.69,-0.23,-1.72,-1.49,-0.34,0.80,1.49,0.00,2.18,2.53,3.33,0.00,0.92,0.80,4.71,1.61,0
53392,-0.46,0.23,-1.72,-1.15,0.00,1.84,1.49,0.11,1.95,2.53,2.41,0.11,1.38,1.26,4.94,2.07,0
53509,-0.46,-0.46,-1.61,-1.15,-0.57,1.72,1.72,0.57,1.95,2.18,2.64,0.57,0.80,1.03,4.94,1.84,0
53626,-0.69,0.11,-1.72,-1.38,-0.57,1.38,1.49,0.34,1.84,1.95,2.99,0.69,0.57,0.92,5.17,1.84,0
53743,-0.57,-0.11,-1.84,-0.80,-0.23,1.49,1.49,0.23,2.30,2.18,2.64,0.46,0.92,0.80,4.71,1.72,0
53860,-0.57,-0.11,-1.49,-1.03,-0.34,1.38,1.61,0.80,1.95,2.64,2.53,0.00,0.69,0.92,4.48,2.18,0
53976,-0.46,0.34,-3.68,-1.03,-0.34,1.72,1.61,0.34,1.72,2.76,3.22,0.34,1.03,0.92,4.83,1.61,0
54093,-0.57,-0.11,-1.72,-1.26,-0.34,1.49,1.49,0.46,1.95,2.07,2.87,0.34,0.92,1.26,4.94,1.95,0
54210,-0.80,-0.11,-1.84,-1.38,-0.46,1.61,1.38,0.46,2.30,2.41,2.87,0.46,0.69,0.80,5.06,1.95,0
54327,-0.46,-0.69,-1.61,-1.15,-0.34,1.49,1.26,0.34,1.95,2.30,2.99,0.46,0.92,1.15,4.71,1.61,0
54444,-0.80,-0.34,-1.61,-1.26,-0.34,1.15,1.61,0.69,2.18,2.41,2.99,0.46,0.69,0.69,4.71,1.49,0
54561,-0.57,-0.46,-1.84,-1.26,-0.57,1.49,1.84,0.34,2.07,2.41,2.99,0.69,1.15,1.26,4.94,1.72,0
54677,-0.57,-0.34,-1.72,-1.03,-0.46,1.61,1.26,-0.11,1.72,2.18,2.76,0.34,0.92,1.15,4.94,2.07,0
54794,-0.69,-0.11,-2.18,-1.72,-0.46,1.49,1.49,0.23,1.72,2.30,3.22,0.34,1.38,1.03,4.94,1.84,0
54911,-0.69,-0.23,-2.18,-1.15,0.00,1.72,1.38,0.34,2.07,2.30,2.87,0.23,1.26,0.92,5.06,1.72,0
55028,-0.57,-0.11,-1.72,-1.15,-0.11,1.49,1.49,-0.34,1.95,2.18,2.87,0.46,0.92,0.80,4.94,1.38,0
55145,-0.34,-0.34,-1.38,-1.26,-0.34,1.49,1.49,0.34,1.84,2.30,3.45,0.69,1.03,0.92,4.83,1.95,0
55262,-0.57,-0.34,-1.84,-1.61,-0.34,1.72,1.49,0.34,1.95,2.30,2.87,0.34,1.03,1.38,4.94,1.84,0
55378,-0.46,-0.23,-1.61,-1.15,-0.23,1.38,1.49,0.80,1.61,2.41,2.64,0.11,0.69,0.80,4.60,1.72,0
55495,-0.23,0.00,-1.95,-1.03,-0.11,1.72,1.38,0.23,2.07,2.53,2.87,0.57,0.92,1.03,4.83,1.26,0
55612,-0.80,-0.34,-1.84,-1.38,-0.57,1.61,1.38,0.34,2.07,2.18,2.99,0.57,0.80,1.03,5.06,1.95,0
55729,-0.57,-0.23,-1.95,-1.15,0.00,1.49,1.38,0.57,2.30,2.41,2.99,0.23,1.03,0.69,4.94,1.95,0
55846,-0.57,0.11,-1.61,-1.26,-0.23,1.49,1.38,0.80,1.72,2.76,3.45,0.34,0.92,0.80,4.94,1.38,0
55962,-0.23,-0.11,-1.72,-1.38,-0.46,1.72,1.49,0.34,1.72,2.53,2.53,0.69,0.92,0.34,4.71,1.84,0
56079,-0.69,-0.11,-1.72,-1.49,-0.11,1.72,1.49,0.69,1.95,2.18,2.87,0.46,0.92,1.26,5.06,2.07,0
56196,-0.34,0.00,-1.49,-0.92,-0.23,1.61,1.61,0.23,2.18,1.95,2.99,0.34,0.92,0.69,4.94,1.61,0
56313,-0.69,-0.11,-1.72,-1.38,-0.34,1.49,1.49,0.46,1.84,2.18,2.64,0.34,1.03,0.80,4.94,2.41,0
56430,-0.46,-0.69,-1.95,-0.69,-0.23,1.72,1.38,0.69,1.95,1.84,2.87,0.46,1.15,0.80,4.83,1.72,0
56547,1.61,0.00,-1.84,-1.03,-0.80,1.72,1.38,0.34,2.18,2.18,3.22,0.11,1.15,0.92,4.94,2.07,0
56663,-0.57,-0.69,-1.72,-0.46,-0.23,1.38,1.26,0.46,1.84,2.18,2.99,0.57,1.03,0.69,4.83,1.84,0
56780,-0.69,-0.23,-1.72,-1.03,-0.57,1.61,1.49,0.34,1.95,2.30,3.22,0.23,1.03,1.26,4.71,1.84,0
56897,-0.57,-0.11,-1.72,-1.38,-0.34,1.72,1.49,0.34,1.95,2.07,2.64,0.23,1.38,1.15,4.94,1.95,0
57014,-0.80,-0.34,-1.61,-1.72,-0.34,1.49,1.95,0.57,2.18,2.64,2.99,0.11,0.69,0.92,4.71,1.95,0
57131,-0.34,-0.11,-1.61,-1.38,-0.46,1.49,1.61,0.46,1.72,2.30,2.87,0.34,0.92,0.80,4.94,1.61,0
57248,-0.46,0.00,-1.84,-1.26,-0.23,1.84,1.38,0.46,1.84,2.53,2.53,0.34,0.92,1.03,5.06,2.30,0
57364,-0.46,-0.11,-1.61,-1.38,-0.34,1.61,1.38,0.11,1.84,2.41,2.76,0.34,1.26,1.38,4.71,2.07,0
57481,-0.46,0.34,-1.72,-1.15,-0.34,1.72,1.61,0.69,2.07,2.64,2.87,0.34,0.69,1.26,4.83,1.72,0
57598,-0.80,-0.23,-1.95,-0.92,-0.34,1.15,1.61,0.23,1.72,2.18,2.87,0.11,1.15,0.92,5.17,1.61,0
57715,-0.23,-0.11,-1.61,-1.26,-0.11,1.61,1.15,0.11,2.07,2.53,2.99,0.34,0.92,1.15,4.60,2.07,0
57832,-0.23,0.00,-1.84,-0.92,-0.34,1.84,1.26,0.69,1.61,2.30,3.22,0.57,0.11,1.03,4.94,1.61,0
57948,-0.34,-0.23,-1.72,-1.38,-0.23,1.26,1.26,0.23,2.18,2.07,2.87,0.34,1.38,1.15,5.17,1.95,0
58065,-0.46,-0.11,-1.72,-1.15,-0.80,1.38,1.72,1.03,1.84,2.30,2.76,0.23,1.03,1.03,4.83,1.61,0
58182,-0.34,-0.11,-1.95,-0.80,-0.34,1.61,1.49,0.69,1.72,2.18,2.87,0.23,0.80,0.69,4.83,2.07,0
58299,-0.34,-0.46,-1.61,-1.49,-0.57,1.49,1.38,0.46,1.72,2.41,2.76,0.11,0.92,0.92,4.94,1.95,0
58416,-0.46,-0.57,-1.84,-0.69,-0.46,1.61,1.61,1.03,2.18,2.41,2.53,0.46,0.34,1.03,4.94,1.84,0
58533,-0.34,-0.23,-2.07,-1.61,-0.23,1.72,1.49,0.46,1.84,1.95,3.10,-0.34,1.15,0.80,5.06,1.72,0
58649,-0.46,0.34,-1.49,-1.15,-0.23,1.49,1.61,0.34,1.72,2.76,2.64,0.69,1.26,0.69,4.48,1.49,0
58766,-0.46,0.00,-1.84,-1.15,-0.57,2.07,1.72,0.69,1.72,2.18,3.45,0.23,0.92,1.03,5.06,1.49,0
58883,-0.57,-0.23,-1.72,-1.38,-0.23,1.38,1.38,0.23,1.95,2.53,2.99,0.57,1.15,1.03,5.17,1.95,0
59000,-0.46,0.11,-1.84,-1.15,-0.57,1.72,1.49,0.57,1.84,2.76,2.64,0.34,1.15,0.69,4.83,1.84,0
59117,-0.57,-0.11,-1.72,-1.03,-0.34,1.61,1.72,0.23,1.84,2.41,3.10,0.46,0.46,0.80,5.17,1.95,0
59233,-0.46,0.00,-1.84,-1.49,0.00,1.72,1.49,0.23,1.84,2.41,3.22,0.34,0.80,0.80,4.60,1.95,0
59350,-0.57,-0.11,-1.95,-1.26,-0.34,1.26,1.26,-0.11,1.95,2.64,2.99,0.57,1.03,0.92,4.94,1.84,0
59467,-0.46,-0.11,-1.84,-1.38,-0.57,1.26,1.26,0.46,2.07,1.95,2.87,0.00,1.03,0.80,4.94,1.72,0
59584,-0.57,0.00,-2.07,-0.92,-0.46,1.84,1.49,0.69,2.41,2.18,2.87,0.23,1.15,0.69,4.71,1.49,0
59701,-0.23,-0.34,-1.61,-1.84,-0.46,1.61,1.61,0.23,2.18,2.30,2.99,0.23,0.80,1.03,4.71,1.72,0
59818,-0.46,-0.34,-2.07,-1.26,-0.23,1.49,1.26,0.23,1.72,2.30,3.10,0.46,0.92,1.03,4.71,2.07,0
59934,-0.57,-0.23,-1.49,-1.49,-0.23,1.49,1.03,0.11,1.61,2.53,3.10,0.00,0.80,1.15,4.60,2.18,0
60051,-0.57,-0.11,-1.72,-1.15,-0.34,1.61,1.49,0.23,1.95,2.30,3.33,0.34,1.03,0.92,4.94,1.61,0
60168,-0.11,-0.11,-1.61,-1.61,-0.34,1.49,1.38,0.23,1.95,2.30,2.87,0.57,1.15,1.15,4.83,1.95,0
60285,-0.57,-0.69,-1.84,-1.38,-0.69,1.72,1.26,0.23,1.95,2.18,2.64,0.46,0.46,0.57,5.17,1.61,0
60402,-0.23,0.11,-1.72,-1.26,-0.46,1.61,1.38,0.34,2.18,2.41,2.99,0.46,1.15,1.03,4.94,2.18,0
60519,-0.57,-0.23,-2.30,-1.15,-0.23,1.84,1.49,0.57,2.18,2.18,2.87,-0.11,1.38,0.92,5.29,1.72,0
60635,-0.34,-0.80,-1.84,-1.15,-0.34,1.26,1.61,0.34,1.84,2.07,2.64,0.11,1.38,1.38,4.60,2.07,0
60752,-0.23,0.00,-1.72,-1.26,-0.57,1.61,1.84,1.15,1.95,2.41,3.10,0.34,0.34,0.92,4.71,1.95,0
60869,-0.23,0.11,-2.18,-1.38,-0.80,1.49,1.49,0.11,2.18,2.41,2.87,0.11,1.03,0.80,4.94,1.84,0
60986,-0.80,-0.34,-1.72,-1.61,-0.23,1.38,1.15,0.46,1.84,2.41,2.64,0.46,1.49,1.03,4.60,1.95,0
61103,-0.34,0.23,-1.49,-1.15,-0.23,1.84,1.72,0.92,1.72,2.41,2.99,0.46,0.11,0.69,5.17,1.95,0
61219,-0.92,0.11,-1.61,-1.03,-0.80,1.61,1.38,0.34,2.18,2.30,3.45,0.11,0.80,1.03,5.40,2.18,0
61336,-0.34,-0.69,-1.72,-1.38,-0.11,1.38,1.26,-0.11,2.07,2.07,3.10,0.57,1.26,0.92,4.94,1.84,0
61453,-0.46,-0.11,-1.84,-1.03,-0.34,2.07,1.26,0.46,1.72,2.41,2.99,0.46,0.23,0.80,4.60,1.49,0
61570,-0.34,0.11,-1.95,-1.26,-0.92,1.49,1.84,0.23,1.95,2.53,3.10,0.00,1.49,1.03,5.06,1.95,0
61687,-0.46,-0.46,-1.95,-1.72,-0.46,1.38,1.49,0.34,2.18,2.53,2.53,0.11,1.38,1.38,4.83,2.07,0
61804,-0.57,0.11,-1.61,-1.38,-0.57,1.49,1.49,0.23,1.95,2.41,3.22,0.57,0.80,0.57,4.60,1.72,0
61920,-0.11,0.00,-1.61,-1.15,-0.34,1.38,1.72,0.11,2.07,2.76,3.22,0.46,1.03,0.80,4.60,1.84,0
62037,-0.34,0.00,-1.84,-1.15,-0.69,1.72,1.38,0.69,2.07,2.30,2.87,0.69,1.15,0.57,4.94,1.84,0
62154,-0.34,-0.11,-1.72,-1.03,-0.57,1.49,1.49,0.11,2.07,2.07,2.76,0.23,0.57,0.80,5.06,1.95,0
62271,-0.23,-0.34,-1.72,-1.61,-0.80,1.72,1.26,0.57,2.30,2.30,2.87,0.57,1.03,1.26,4.94,1.95,0
62388,-0.11,-0.34,-1.72,-1.26,-0.57,1.72,1.49,0.46,1.95,2.64,3.10,0.11,0.92,0.92,4.94,1.72,0
62505,1.61,0.11,-1.95,-1.15,-0.11,1.61,1.38,0.57,2.07,2.64,3.10,0.23,1.03,0.92,4.60,2.30,0
62621,-0.23,0.11,-2.07,-0.80,-0.69,1.61,1.38,0.69,1.95,2.07,2.76,0.23,1.26,1.26,4.71,1.72,0
62738,-0.34,-0.34,-1.84,-1.15,-0.23,1.72,1.38,0.46,2.30,2.30,2.76,0.69,1.03,1.03,4.60,1.72,0
62855,-0.46,0.11,-1.61,-1.38,-0.34,1.38,1.61,0.92,1.84,2.07,3.22,-0.11,0.69,0.80,4.83,1.61,0
62972,-0.46,0.34,-1.61,-1.26,-0.23,1.61,1.49,0.34,2.18,2.07,2.87,0.11,1.38,0.57,4.94,1.84,0
63089,-0.57,-0.34,-1.72,-0.80,-0.34,1.84,1.72,0.34,1.84,2.41,3.10,1.03,0.69,0.92,4.83,1.84,0
63205,-0.23,0.23,-1.61,-0.69,-0.23,1.61,1.38,0.57,1.95,2.18,3.10,0.11,0.80,1.15,4.83,1.95,0
63322,-0.57,0.23,-1.61,-1.38,0.23,1.72,1.49,0.34,1.95,2.53,2.87,0.34,1.15,1.03,4.71,2.18,0
63439,-0.80,-0.23,-1.84,-1.15,-0.80,1.49,1.61,0.11,1.84,2.64,2.76,0.57,1.38,1.38,4.48,1.49,0
63556,-0.57,-0.11,-1.84,-1.03,-0.23,1.38,1.84,0.80,1.95,2.30,2.87,0.46,1.15,1.03,4.71,1.72,0
63673,-0.11,-0.46,-1.49,-1.38,-0.34,1.38,1.49,0.34,1.84,2.30,2.99,0.23,0.92,1.03,4.83,3.45,0
63790,-0.46,-0.11,-1.72,-1.26,-0.69,1.72,1.26,0.34,1.72,2.41,3.10,0.23,0.92,0.69,4.94,1.72,0
63906,-0.46,-0.34,-1.95,-1.03,-0.34,1.49,1.61,0.46,2.07,2.07,3.22,0.23,0.80,0.57,4.83,1.49,0
64023,-0.34,-0.11,-1.84,-1.26,-0.80,1.38,1.38,0.34,1.95,2.30,2.76,0.34,1.03,0.80,4.83,1.84,0
64140,-0.46,-0.57,-1.61,-1.15,-0.80,1.95,1.38,0.34,1.84,2.18,2.87,0.34,0.92,0.57,5.06,1.72,0
64257,-0.69,-0.23,-1.72,-1.38,-0.69,1.84,1.38,0.46,1.95,2.30,2.87,0.11,0.92,0.80,4.83,1.26,0
64374,-0.46,-0.34,-1.95,-1.26,-0.34,1.49,1.72,0.11,1.84,2.41,2.99,0.57,0.80,0.80,4.94,1.84,0
64491,-0.23,-0.69,-1.61,-1.38,0.00,1.72,1.26,0.57,1.95,2.18,2.87,0.11,1.15,1.26,4.83,1.49,0
64607,-0.23,-0.11,-1.72,-1.03,-0.23,1.72,1.49,0.46,2.18,2.18,3.10,0.34,1.26,0.80,4.94,2.07,0
64724,-0.57,-0.11,-1.61,-0.92,0.00,1.84,1.26,0.11,1.84,2.53,2.99,0.34,0.92,1.03,4.71,1.72,0
64841,-0.34,0.34,-1.38,-1.49,-1.84,1.49,1.61,0.46,1.72,2.18,2.87,0.23,0.69,0.92,4.94,1.61,0
64958,-0.34,0.11,-1.84,-1.03,-0.92,1.38,1.61,0.69,2.07,2.53,3.22,0.11,0.80,1.03,5.17,2.18,0
65075,-0.34,0.11,-1.72,-1.15,-0.23,1.49,1.72,0.92,2.07,2.30,2.99,0.11,1.03,0.69,4.83,1.84,0
65191,-0.34,0.00,-1.84,-1.38,-0.34,1.49,1.61,0.46,1.95,2.53,2.99,0.57,0.80,0.80,5.06,1.84,0
65308,-0.69,-0.23,-1.72,-1.38,-0.69,1.61,1.26,0.46,1.84,2.30,2.76,0.34,0.92,0.92,4.83,1.61,0
65425,-0.80,-0.69,-1.84,-1.15,-0.46,1.26,1.26,0.34,2.07,1.84,3.22,0.46,0.46,0.92,4.83,1.61,0
65542,-0.69,-0.34,-1.72,-1.03,-0.34,1.49,1.49,0.11,2.07,2.41,2.76,0.34,1.15,0.80,4.94,1.72,0
65659,-0.46,-0.57,-1.49,-1.49,-0.11,1.72,1.03,0.11,1.95,2.18,2.99,0.34,1.15,1.15,4.71,1.72,0
65776,-0.46,-0.46,-1.72,-1.15,-0.34,1.38,1.61,0.00,2.18,2.30,2.99,0.23,0.92,0.69,4.83,1.95,0
65892,-0.80,-0.11,-1.61,-1.03,-0.46,1.61,1.61,0.34,1.95,2.41,3.45,0.11,1.15,1.15,4.71,1.95,0
66009,-0.34,-0.34,-1.26,-0.92,-0.34,1.84,1.49,0.46,1.95,2.30,2.64,0.57,0.80,0.80,5.17,1.72,0
66126,-0.34,-0.23,-1.84,-1.38,-0.46,1.49,1.38,0.34,2.07,2.30,2.30,0.23,0.69,0.92,4.48,2.07,0
66243,-0.46,-0.46,-1.61,-1.38,-0.23,1.61,1.49,0.23,1.95,1.95,3.10,0.57,1.15,1.15,4.94,1.95,0
66360,-0.69,-0.34,-1.72,-1.26,-0.34,1.38,1.49,0.34,1.95,2.64,2.76,0.46,1.26,1.26,4.94,1.61,0
66477,-0.23,-0.69,-1.72,-0.92,-0.23,1.72,1.49,0.80,1.84,2.41,3.22,0.34,0.92,1.38,5.06,1.95,0
66593,-0.46,-0.11,-1.61,-1.61,-0.34,1.61,1.72,0.11,2.30,2.30,2.99,0.00,0.69,1.15,4.94,1.49,0
66710,-0.46,-0.11,-1.72,-1.38,-0.11,1.38,1.26,0.57,2.07,2.41,3.10,0.34,1.03,1.15,4.71,1.61,0
66827,0.11,0.00,-1.84,-1.61,-0.34,1.61,1.38,0.23,1.72,2.30,2.76,0.80,1.26,1.03,4.71,1.49,0
66944,-0.69,0.00,-1.95,-1.15,-0.46,1.61,1.49,0.23,1.95,2.41,2.64,0.46,0.92,0.80,4.83,1.49,0
67061,-0.80,-0.11,-1.61,-1.15,-0.46,1.38,1.49,0.46,2.07,2.18,2.76,0.34,0.57,0.92,4.48,1.95,0
67177,-0.57,-0.57,-1.72,-0.69,-0.57,1.72,1.61,0.11,1.95,2.18,2.76,0.46,0.57,1.15,4.83,2.18,0
67294,-0.57,-0.11,-1.72,-1.26,-0.34,1.49,1.72,0.80,1.95,2.41,3.10,0.46,1.03,0.80,5.06,1.49,0
67411,-0.80,-0.23,-1.72,-1.26,-0.92,1.72,1.49,0.34,2.18,2.30,2.99,0.23,1.15,1.03,4.94,1.84,0
67528,-0.34,-0.23,-1.95,-1.26,0.00,1.49,1.38,0.80,2.18,2.41,3.22,0.34,1.26,1.03,5.06,2.07,0
67645,-0.80,-0.23,-1.38,-1.49,-0.34,1.49,1.49,0.34,2.18,2.64,2.87,0.23,0.57,1.03,5.06,1.61,0
67762,-0.69,-0.57,-1.95,-1.15,-0.46,1.61,1.49,0.34,2.07,2.53,3.10,0.46,1.03,1.15,5.17,1.84,0
67878,-0.57,-0.46,-1.72,-1.38,-0.69,1.38,1.84,0.34,1.84,2.30,2.87,0.34,0.69,0.69,4.94,1.84,0
67995,-0.34,-0.11,-3.68,-1.38,-0.34,1.61,1.72,0.46,1.95,2.64,2.99,0.57,0.92,1.15,4.83,1.95,0
68112,-0.57,-0.23,-2.07,-1.38,-0.46,1.61,1.72,0.23,1.95,2.41,2.76,0.00,1.03,0.80,4.83,2.18,0
68229,-0.57,-0.23,-1.61,-1.03,-0.46,1.49,1.72,0.23,2.07,2.41,2.99,0.34,1.03,1.15,4.83,1.95,0
68346,-0.46,-0.11,-1.84,-1.38,-0.11,1.49,1.72,0.80,1.95,2.18,2.87,0.46,1.26,0.69,4.48,1.95,0
68463,-0.46,0.11,-1.72,-1.26,0.00,1.15,1.38,0.69,2.07,2.41,3.10,0.46,1.15,0.69,4.60,1.72,0
68579,0.00,-0.34,-1.95,-1.15,-0.46,1.49,1.38,0.34,1.84,2.41,2.99,0.11,1.61,1.03,5.29,1.72,0
68696,-0.46,0.00,-1.72,-1.38,-0.34,1.61,1.49,0.34,2.18,2.07,2.87,0.69,1.03,0.92,5.06,1.61,0
68813,-0.34,0.11,-1.49,-1.26,-0.46,1.95,1.61,0.34,2.07,2.30,2.99,0.11,1.15,1.03,4.83,2.07,0
68930,-0.11,0.00,-1.49,-1.15,-0.46,1.72,1.38,0.34,1.72,2.18,2.87,0.23,1.03,0.69,5.06,1.84,0
69047,-0.46,0.00,-1.61,-1.03,-0.69,1.61,1.61,0.92,1.61,2.18,2.76,0.00,0.80,1.03,4.37,1.72,0
69163,-0.34,-0.11,-1.49,-0.80,-0.11,1.72,1.26,0.46,1.95,2.18,3.10,0.00,0.80,0.80,4.94,1.72,0
69280,-0.11,-0.92,-1.95,-0.92,-0.69,1.49,1.49,0.57,2.07,2.41,3.10,-0.23,0.92,1.26,4.94,1.84,0
69397,-0.57,0.00,-1.72,-1.03,-0.57,1.61,1.49,0.69,2.07,2.41,2.53,0.11,0.92,0.92,4.71,2.18,0
69514,-0.34,0.00,-1.72,-0.92,-0.46,1.61,1.49,0.23,1.95,2.30,2.64,0.23,1.03,1.26,4.83,1.61,0
69631,-0.80,0.11,-1.49,-1.15,-0.57,1.49,1.38,-0.11,2.07,2.41,2.41,0.23,1.26,0.80,4.60,2.07,0
69748,-0.23,-0.46,-1.49,-1.38,0.00,1.38,1.49,0.34,1.95,2.30,2.87,0.00,0.92,0.80,4.94,1.61,0
69864,-0.34,0.23,-1.72,-1.49,-0.46,1.84,1.38,0.46,2.18,2.53,3.56,0.69,0.92,1.15,4.94,1.95,0
69981,-0.34,-0.34,-1.95,-1.49,-0.11,1.38,1.49,0.00,1.95,2.41,2.99,0.11,0.80,1.03,4.83,1.95,0
70098,-0.23,-0.57,-1.72,-0.69,-0.23,1.61,1.49,0.46,2.41,2.30,2.76,0.34,1.15,1.03,4.71,1.84,0
70215,-0.57,0.46,-1.61,-1.38,-0.57,1.61,1.38,0.57,1.84,2.41,2.87,0.46,1.49,0.69,4.83,1.61,0
70332,-0.46,-1.84,-1.84,-1.03,-0.80,1.26,1.49,0.69,1.95,2.76,2.76,0.46,0.57,1.38,4.60,1.49,0
70449,-0.34,-0.23,-1.61,-1.38,0.23,1.61,1.72,0.34,1.95,2.41,2.53,0.34,0.46,0.92,4.94,1.84,0
70565,-0.69,-0.34,-1.72,-1.38,-0.46,1.49,1.72,0.69,2.07,2.30,3.10,0.69,1.03,0.80,4.60,1.72,0
70682,-0.34,0.23,-1.49,-1.15,-0.69,1.38,1.84,0.46,2.07,2.07,3.45,0.23,1.26,1.03,5.06,1.72,0
70799,-0.57,0.11,-1.84,-0.80,-0.46,1.49,1.61,0.11,1.84,2.18,2.99,0.23,1.03,0.80,5.06,1.95,0
70916,-0.23,0.00,-1.72,-0.92,-0.57,1.84,1.84,0.57,2.18,2.64,2.76,0.00,1.38,1.03,4.94,1.72,0
71033,-0.46,-0.11,-1.61,-1.15,-0.46,1.61,1.15,0.23,1.84,2.30,2.99,0.46,0.92,1.26,4.94,1.95,0
71149,-0.34,0.11,-1.72,-1.61,-0.23,1.38,1.72,0.23,2.30,2.53,2.99,0.80,1.15,1.03,4.60,2.07,0
71266,-0.46,-0.23,-1.95,-1.49,-0.80,1.72,1.38,0.23,2.07,2.07,2.87,0.11,1.38,0.92,4.60,1.84,0
71383,-0.80,-0.34,-1.61,-1.49,-0.23,1.84,1.61,0.11,2.07,2.30,2.76,0.34,0.69,1.26,5.06,2.07,0
71500,-0.69,0.00,-1.72,-1.49,-0.11,1.26,1.26,0.34,1.61,2.53,3.33,0.23,0.92,1.03,5.06,1.49,0
71617,-0.69,-0.34,-1.72,-1.15,-0.34,1.72,1.49,-0.23,1.84,2.30,2.87,0.00,0.92,0.92,5.06,1.95,0
71734,-0.80,-0.11,-1.95,-1.26,-0.57,1.49,1.38,0.57,2.18,2.41,2.87,0.34,0.69,0.57,5.06,1.72,0
71850,-0.46,0.00,-1.72,-1.38,-0.34,1.49,1.61,0.80,2.30,2.18,3.10,0.23,1.15,1.03,4.83,1.84,0
71967,-0.23,-0.46,-1.72,-0.92,-0.46,1.49,1.49,0.57,1.95,2.30,2.99,0.57,1.03,0.46,5.17,1.72,0
72084,-0.46,0.23,-1.61,-1.61,-0.46,1.61,1.49,0.34,2.18,2.30,2.87,0.34,1.15,0.80,4.71,2.18,0
72201,-0.69,0.00,-1.38,-1.38,-0.69,1.61,1.26,0.46,2.07,2.41,2.64,0.57,1.15,0.80,4.83,1.38,0
72318,-0.57,0.23,-1.84,-0.92,-0.34,1.61,1.49,0.34,1.61,2.41,3.68,0.34,1.26,0.92,4.94,1.72,0
72435,-0.34,-0.11,-1.61,-0.92,-0.11,1.61,1.61,0.11,1.84,2.07,2.64,0.46,1.38,0.92,5.17,2.07,0
72551,-0.11,-0.23,-1.95,-1.03,-0.34,1.26,1.61,0.23,1.84,2.41,2.87,0.11,0.69,0.92,5.06,1.95,0
72668,-0.46,1.72,-1.95,-1.15,-0.46,1.49,1.49,0.69,2.18,2.64,3.22,0.80,0.80,0.92,4.83,1.84,0
72785,-0.69,-0.23,-1.49,-1.03,-0.57,1.26,1.84,0.34,1.95,2.30,3.33,0.34,1.49,1.15,4.83,1.72,0
72902,-0.69,-0.11,-1.84,-1.03,-0.46,3.56,1.61,-0.23,2.07,2.07,2.76,0.23,0.69,0.80,5.17,1.84,0
73019,-0.46,-0.34,-1.72,-1.38,-0.34,1.61,1.49,0.92,2.18,2.41,2.87,0.00,0.46,0.80,4.83,1.38,0
73135,-0.69,-0.34,-1.49,-1.26,-0.46,1.61,1.26,0.23,1.84,2.18,2.76,0.34,1.15,0.80,5.06,2.07,0
73252,-0.57,0.34,-1.95,-1.49,-0.46,1.61,1.72,0.46,2.18,2.30,3.10,0.00,0.92,1.26,4.94,1.72,0
73369,-0.57,-0.23,-1.95,-1.26,-0.23,1.38,1.38,0.34,1.84,2.30,2.99,0.34,0.69,0.92,5.17,2.07,0
73486,-0.57,-0.34,-1.95,-1.03,-0.46,1.49,1.61,0.46,1.61,2.30,2.87,0.00,0.69,0.46,4.83,1.61,0
73603,-0.46,-0.23,-1.49,-1.03,-0.57,1.38,1.61,0.23,2.18,2.18,3.10,0.23,0.46,1.26,4.83,2.07,0
73720,-0.69,-0.34,-1.72,-0.92,-0.46,1.61,1.38,0.57,1.95,2.41,3.22,0.11,1.26,0.80,4.83,1.84,0
73836,-0.23,-0.11,-1.84,-1.38,-0.69,1.49,1.38,0.23,2.07,2.07,2.87,0.11,1.03,0.80,4.94,1.72,0
73953,-0.57,-0.46,-1.49,-1.95,0.11,1.72,1.26,0.23,2.18,2.30,2.87,0.23,1.15,0.80,4.83,1.72,0
74070,-0.57,-0.23,-1.61,-1.26,-0.23,1.84,1.49,0.34,1.84,2.41,3.10,0.69,0.69,0.69,5.06,1.72,0
74187,-0.23,0.11,-1.61,-1.38,-0.23,1.61,1.61,0.23,2.07,2.18,2.64,0.46,1.03,1.38,5.06,1.49,0
74304,-0.69,-0.57,-1.61,-1.49,-0.57,1.49,1.61,0.46,2.07,2.18,2.64,0.34,1.38,1.15,4.94,1.95,0
74421,-0.57,0.23,-1.61,-1.03,-0.46,1.61,1.49,0.23,1.95,2.41,2.87,0.23,1.03,0.92,4.71,2.07,0
74537,-0.80,0.11,-1.72,-1.15,-0.80,1.84,1.49,0.57,1.95,2.64,2.76,0.23,0.92,1.03,5.06,1.72,0
74654,-0.46,-0.11,-1.72,-1.26,-0.34,1.61,1.61,0.46,2.07,2.41,2.41,0.34,0.80,0.92,4.94,1.84,0
74771,-0.57,-0.57,-1.84,-0.92,-0.23,1.61,1.49,0.34,2.07,2.99,3.10,0.23,0.69,1.15,4.94,1.95,0
74888,-0.57,0.00,-1.95,-1.26,-0.11,1.38,1.61,0.00,1.84,2.30,2.64,0.34,0.80,1.03,5.17,1.84,0
75005,-0.46,-0.11,-1.61,-1.49,-0.46,1.38,1.72,0.34,1.72,2.07,2.99,0.46,0.80,0.92,5.06,2.18,0
75121,-0.46,-0.34,-1.49,-1.26,-0.46,1.49,1.84,0.46,1.84,2.18,2.99,0.11,1.03,0.57,4.48,1.84,0
75238,-0.92,0.00,-1.84,-1.03,-0.57,1.49,1.49,0.34,2.30,2.53,2.87,0.23,1.03,1.03,4.94,1.72,0
75355,-0.23,-0.34,-1.61,-1.72,-0.57,1.49,1.38,0.23,1.84,2.30,2.76,0.46,0.80,1.03,4.94,1.84,0
75472,-0.57,-0.46,-1.49,-1.15,-0.46,1.72,1.61,0.23,2.07,2.53,3.22,0.46,0.92,1.15,4.94,1.72,0
75589,-0.57,-0.69,-1.84,-0.92,-0.23,1.49,1.26,0.46,1.84,2.30,3.10,0.34,1.15,1.26,5.06,1.72,0
75706,-0.46,0.00,-1.84,-0.80,-0.34,1.72,1.38,0.23,2.18,2.30,3.33,0.34,1.15,0.92,4.60,1.95,0
75822,-0.34,-0.11,-1.84,-1.03,-0.57,1.61,1.49,0.57,1.95,2.30,2.76,0.11,0.69,0.80,4.83,1.84,0
75939,-0.46,0.11,-1.72,-1.49,-0.57,1.61,1.38,0.57,2.18,2.41,3.10,0.80,0.92,0.92,5.17,1.61,0
76056,-0.46,-0.11,-3.68,-1.38,-0.11,1.61,1.61,0.23,1.72,2.53,2.99,0.23,0.80,1.15,4.83,1.84,0
76173,-0.46,-0.57,-1.84,-1.03,-0.34,1.95,1.38,0.69,2.07,2.41,2.99,0.57,0.92,1.15,5.06,1.95,0
76290,-0.46,-0.57,-1.84,-1.26,-0.46,1.84,1.03,0.57,1.95,2.76,3.10,0.11,1.38,0.92,4.83,2.07,0
76407,-0.69,0.11,-1.38,-1.15,-0.34,1.61,1.72,0.46,1.84,2.30,2.76,0.34,1.26,0.80,5.17,1.72,0
76523,-0.23,-0.11,-1.61,-1.15,-0.57,1.38,1.72,0.34,1.84,2.30,2.99,0.23,0.80,0.69,4.71,1.84,0
76640,-0.46,0.11,-1.72,-1.38,-0.34,1.72,1.38,0.46,2.07,2.64,2.76,0.00,1.15,1.15,5.06,1.61,0
76757,-0.46,-0.46,-1.84,-1.15,-0.80,1.49,1.61,0.23,2.18,2.30,2.87,0.46,0.57,0.69,4.60,2.07,0
76874,-0.69,0.23,-1.95,-1.26,-0.23,1.49,1.49,-0.11,1.72,2.18,2.64,0.00,1.03,1.26,4.94,1.95,0
76991,-0.34,-0.34,-1.49,-1.38,-0.57,1.61,1.61,0.57,2.30,2.30,2.87,0.69,0.92,1.15,4.71,1.72,0
77107,-0.57,-0.23,-1.84,-1.26,-0.23,1.72,1.72,0.57,1.72,2.53,3.22,0.23,0.92,0.80,5.06,1.72,0
77224,-0.80,-0.11,-1.61,-1.26,-0.69,1.49,1.15,0.23,2.18,2.07,2.64,0.23,1.03,0.69,5.17,1.84,0
77341,-0.46,-0.11,-1.61,-1.26,-0.11,1.61,0.00,0.57,1.95,2.53,2.87,0.34,0.69,0.80,4.60,1.49,0
77458,-0.46,-0.23,-1.95,-1.61,-0.57,1.84,1.84,0.11,1.72,2.30,3.22,0.34,0.34,0.57,4.71,1.95,0
77575,-0.46,0.11,-1.95,-1.61,-0.80,1.49,1.49,0.46,1.95,2.30,2.99,-0.11,1.15,1.15,4.83,3.56,0
77692,-0.69,-0.46,-1.72,-0.92,-1.15,1.61,1.26,0.23,1.95,1.95,3.10,0.46,1.15,1.03,4.94,1.84,0
77808,-0.34,-0.23,-2.07,-1.49,-0.34,1.26,1.38,0.34,1.95,2.41,2.76,0.46,1.03,0.92,4.83,1.38,0
77925,-0.57,-0.34,-1.72,-0.80,-0.46,1.26,1.49,0.00,2.18,2.41,2.87,0.46,0.92,0.80,4.83,2.18,0
78042,-0.34,-0.23,-1.95,-1.15,-0.46,1.49,1.26,0.23,1.84,2.30,2.87,0.34,0.80,0.80,4.94,1.61,0
78159,-0.11,-0.11,-1.61,-1.26,-0.69,1.84,1.61,0.23,1.72,2.07,2.99,0.11,1.15,1.15,5.06,1.95,0
78276,-0.46,-0.34,-1.84,-1.38,-0.46,1.72,1.61,0.69,1.95,2.18,2.87,0.46,1.03,1.26,5.17,2.07,0
78393,-0.92,-0.23,-1.95,-1.38,-0.34,1.26,1.61,0.46,1.84,2.41,2.76,0.34,1.03,0.69,5.06,2.07,0
78509,-0.34,0.11,-1.61,-1.03,-0.69,1.72,1.49,0.80,2.07,2.30,3.33,0.23,1.15,0.69,5.06,1.72,0
78626,-0.80,-0.46,-1.61,-1.49,-0.11,1.61,1.49,0.23,1.95,2.07,3.22,0.34,0.34,1.38,5.06,2.30,0
78743,-0.57,-0.11,-1.95,-1.49,-0.69,1.26,1.61,0.11,1.84,2.76,3.10,-0.11,1.15,0.69,5.29,1.72,0
78860,-0.11,-0.23,-1.72,-1.15,-0.34,1.72,1.26,0.23,1.95,2.18,2.87,-0.11,1.26,0.80,4.71,1.49,0
78977,-0.46,-0.69,-1.72,-1.03,-0.34,1.49,1.26,0.34,1.84,2.30,3.10,0.34,1.03,0.92,5.06,2.07,0
79093,-0.46,-0.34,-1.61,-1.26,-0.34,1.72,1.26,0.34,2.18,2.41,2.64,0.23,1.15,0.92,4.83,1.61,0
79210,-0.46,-0.23,-1.95,-1.38,-0.34,1.61,1.61,0.46,1.95,2.41,2.76,0.00,1.15,0.80,4.48,1.84,0
79327,-0.46,-0.23,-1.84,-1.26,-0.34,1.49,1.26,0.57,2.18,2.41,2.53,0.34,0.46,1.03,5.06,1.49,0
79444,-0.46,-0.11,-1.72,-1.15,-0.57,1.84,1.61,0.57,1.84,2.53,3.22,0.23,1.03,0.92,4.83,1.95,0
79561,-0.57,-0.46,-1.84,-1.26,-0.34,1.84,1.49,0.23,1.84,2.53,3.10,0.46,1.15,1.03,5.06,1.49,0
79678,-0.23,0.00,-1.95,-1.38,-0.69,1.61,1.49,0.34,1.95,2.30,2.87,0.23,1.26,1.03,5.17,1.72,0
79794,-0.69,0.00,-1.61,-1.26,-0.23,1.49,1.72,0.46,2.07,2.30,2.99,0.23,0.69,0.80,4.60,1.26,0
79911,-0.34,-0.11,-1.84,-1.26,-0.11,1.61,1.61,0.46,2.41,2.30,2.99,0.00,0.92,0.57,5.17,1.84,0
80028,-0.69,-0.57,-1.72,-1.15,-0.34,1.61,1.61,0.34,1.95,1.95,2.53,0.23,0.80,0.92,5.06,1.95,0
80145,-0.57,-0.23,-1.95,-1.15,-0.23,1.26,1.49,0.23,1.95,2.30,3.33,0.34,1.03,1.03,5.06,1.95,0
80262,-0.69,-0.23,-1.72,-1.03,-0.34,1.61,1.49,0.69,1.72,2.07,2.53,-0.23,1.15,0.80,5.29,1.95,0
80379,-0.80,-0.23,-1.95,-1.26,-0.34,1.38,1.61,0.23,1.95,2.18,3.22,0.23,0.80,0.92,4.60,1.72,0
80495,-0.23,0.23,-1.61,-1.49,-0.23,1.49,1.49,0.00,1.72,2.41,3.10,0.34,1.15,1.15,5.17,1.95,0
80612,-0.57,-0.69,-1.72,-0.80,-0.34,1.72,1.26,0.34,2.30,2.41,3.22,0.46,0.57,1.49,5.06,1.49,0
80729,-0.46,-0.11,-1.72,-1.49,-0.34,1.49,1.61,0.46,2.18,2.18,3.10,0.80,1.03,1.03,5.06,1.95,0
80846,-0.46,0.23,-2.07,-1.38,-0.57,1.38,1.49,0.11,2.07,2.18,2.64,0.34,1.03,0.80,4.60,1.61,0
80963,0.23,-0.46,-1.49,-1.26,-0.11,1.61,1.61,0.46,2.07,2.41,3.10,-0.11,0.69,0.69,4.71,1.61,0
81079,-0.92,-0.46,-1.84,-1.49,-0.80,1.49,1.95,0.34,2.07,2.41,2.99,0.46,0.57,0.92,4.71,1.72,0
81196,-0.23,-0.23,-1.72,-1.26,-0.57,1.72,1.49,0.23,2.07,1.95,2.99,0.46,0.80,0.57,5.06,2.18,0
81313,-0.46,-0.11,-1.61,-1.15,-0.69,1.15,1.61,0.23,1.72,2.30,3.10,0.23,1.03,0.92,4.71,1.84,0
81430,-0.34,-0.11,-1.49,-1.38,-0.46,1.61,1.61,0.23,1.95,2.30,3.10,-0.11,1.26,1.26,4.71,2.18,0
81547,-0.69,-0.46,-1.72,-1.26,-0.34,1.26,1.72,0.11,1.95,2.53,2.53,0.34,0.92,1.26,4.83,2.18,0
81664,-0.23,-0.23,-1.61,-0.92,-0.46,1.38,1.61,0.69,1.84,2.30,2.76,0.46,0.80,0.92,4.83,1.84,0
81780,-0.46,-0.11,-1.84,-1.49,-0.23,1.72,1.38,0.34,1.95,2.41,2.99,0.46,1.03,1.03,4.83,2.07,0
81897,-0.46,-0.46,-1.72,-1.15,-0.69,1.38,1.38,0.23,1.84,2.64,2.87,0.46,1.15,0.92,4.60,1.95,0
82014,-0.46,-0.23,-1.84,-0.80,-0.46,1.49,1.26,0.23,2.41,2.07,2.99,0.34,1.03,0.92,4.94,1.72,0
82131,-0.57,-0.23,-1.49,-1.26,0.00,1.49,1.38,1.03,1.84,2.41,2.64,0.11,0.80,1.03,4.83,1.95,0
82248,-0.57,-0.57,-1.49,-1.15,-0.46,1.49,1.61,0.57,1.84,2.30,2.64,0.00,0.46,0.69,4.94,1.84,0
82365,-0.57,-0.34,-1.95,-1.26,-0.69,1.61,1.38,0.11,1.95,2.30,2.64,0.57,1.15,1.26,4.83,1.95,0
82481,-0.46,-0.34,-1.84,-1.26,-0.46,1.72,1.72,0.80,2.07,2.53,2.99,0.34,0.80,1.15,4.83,1.72,0
82598,-0.23,0.00,-1.72,-1.49,-0.69,1.61,1.49,0.34,1.84,2.07,2.76,0.23,1.26,1.03,4.94,1.38,0
82715,-0.69,-0.23,-1.84,-1.26,-0.34,1.61,1.15,0.11,1.84,2.53,2.99,0.80,0.92,1.15,5.06,1.84,0
82832,-0.80,-0.46,-1.84,-1.49,-0.34,1.49,1.38,0.57,2.18,1.95,2.76,0.23,0.80,0.69,4.71,1.38,0
82949,-0.69,-0.11,-1.84,-1.38,-0.34,1.61,1.72,0.11,2.07,2.18,2.87,0.23,1.03,0.69,5.17,1.72,0
83065,-0.80,-0.11,-1.61,-1.38,-0.11,1.61,1.38,0.46,2.07,2.07,2.53,0.46,1.15,1.03,4.94,1.84,0
83182,-0.46,0.34,-1.95,-1.15,-0.11,1.72,1.26,0.69,1.84,2.30,2.99,0.34,1.15,0.92,4.71,1.95,0
83299,-0.69,-0.34,-1.61,-1.15,-0.34,1.49,1.38,0.34,2.07,2.41,3.10,0.34,1.03,1.03,5.06,2.07,0
83416,-0.34,-0.11,-1.61,-1.15,-0.34,1.72,1.49,0.46,1.38,2.18,2.76,0.23,0.57,0.92,4.60,1.95,0
83533,-0.57,0.00,-1.61,-0.69,-0.46,1.49,1.38,0.34,1.72,2.18,2.76,0.23,0.92,0.69,4.71,1.84,0
83650,-0.80,-0.11,-1.61,-1.15,-0.46,1.72,1.49,0.34,1.72,2.18,2.87,0.23,0.80,0.92,4.71,1.72,0
83766,-0.69,-0.23,-1.61,-1.61,-0.69,1.38,1.26,0.46,2.18,2.41,2.99,0.34,1.03,1.15,4.71,1.72,0
83883,-0.23,0.00,-1.49,-1.03,-0.46,1.61,1.49,0.46,1.72,2.41,3.22,0.11,1.26,1.26,4.71,1.84,0
84000,-0.23,-0.34,-1.95,-1.38,-0.46,1.72,1.38,0.23,2.30,2.53,2.76,0.57,0.80,0.80,4.83,1.61,0
84117,-0.80,-0.23,-1.72,-0.92,-0.34,1.84,1.95,0.34,1.72,2.41,2.64,0.11,0.80,1.03,4.94,1.49,0
84234,-0.80,0.00,-1.72,-1.26,-0.57,1.84,1.38,0.34,1.72,2.53,2.76,0.00,1.26,0.69,4.48,2.07,0
84351,-0.57,0.00,-1.49,-0.92,-0.46,1.61,1.49,0.34,1.84,2.64,2.87,0.69,0.92,1.15,4.60,2.07,0
84467,-0.69,-0.11,-1.84,-1.26,-0.11,1.72,1.26,0.34,1.95,1.95,2.87,0.34,1.03,0.92,4.94,1.84,0
84584,-0.46,-0.11,-1.95,-1.49,-0.34,1.84,0.92,0.11,1.95,2.18,2.99,0.34,1.03,0.69,4.83,1.84,0
84701,-0.69,0.00,-1.49,-1.38,-0.69,1.61,1.61,0.46,2.18,2.53,2.99,0.57,0.57,1.03,4.37,1.84,0
84818,-0.46,-0.34,-1.84,-1.03,-0.34,1.38,1.72,0.23,1.95,2.41,3.22,0.34,0.80,0.92,5.40,0.00,0
84935,-0.57,-0.34,-1.72,-1.26,-0.80,1.61,1.38,0.11,1.95,2.07,2.87,0.34,1.26,0.80,4.94,1.72,0
85051,-0.57,-0.69,-1.61,-0.92,-0.57,1.61,1.49,1.03,1.72,2.18,3.10,0.57,1.03,0.69,4.94,1.61,0
85168,-0.57,-0.34,-1.84,-1.38,-0.46,1.49,1.26,0.00,1.84,2.30,2.76,0.34,1.26,0.92,5.06,1.95,0
85285,-0.92,-0.34,-1.95,-1.38,-0.80,1.72,1.26,0.46,2.07,2.41,2.64,0.11,1.49,1.15,4.60,1.38,0
85402,-0.34,0.00,-1.95,-1.15,-0.23,1.72,1.26,0.92,1.84,2.41,3.10,0.57,1.15,1.15,4.60,2.18,0
85519,-0.11,-0.34,-1.84,-1.49,-0.34,1.61,1.38,0.23,2.18,2.30,3.22,0.34,1.15,1.15,5.29,1.61,0
85636,-0.69,-0.11,-1.84,-1.26,-0.46,1.38,1.26,0.34,1.95,2.18,2.64,0.11,1.26,1.03,4.83,2.07,0
85752,-0.46,-0.34,-1.49,-1.15,-0.34,1.95,1.38,0.92,2.07,1.95,3.45,0.69,0.80,1.15,4.71,1.61,0
85869,-0.34,0.00,-1.84,-1.15,-0.23,1.61,1.72,0.11,2.30,2.07,3.10,0.11,1.26,1.15,5.17,2.07,0
85986,-0.57,-0.34,-1.84,-1.38,-0.57,1.26,0.92,0.69,1.61,2.41,2.64,0.46,1.03,1.03,5.29,1.84,0
86103,-0.34,0.11,-1.61,-0.57,-0.23,1.72,1.61,0.34,1.61,2.18,3.22,0.46,0.92,0.92,4.94,1.95,0
86220,-0.80,0.00,-1.84,-1.61,0.11,1.95,1.95,0.11,2.18,2.18,2.99,-0.11,0.80,1.26,5.17,1.84,0
86337,-0.69,-0.34,-1.84,-1.15,-0.69,1.61,1.15,0.46,2.18,2.53,2.53,0.34,1.03,0.92,4.94,1.95,0
86453,-0.23,-0.23,-1.72,-0.57,-0.57,1.38,1.72,0.92,2.07,2.07,2.87,0.11,0.57,1.03,4.71,1.61,0
86570,-0.34,-0.23,-1.84,-1.38,-0.34,1.61,1.49,0.34,2.41,2.41,3.45,0.23,1.49,1.38,4.94,1.95,0
86687,-0.69,-0.11,-1.38,-1.15,-0.11,1.15,1.49,0.23,2.41,2.41,3.22,0.34,0.80,1.03,4.37,1.95,0
86804,-0.46,-0.11,-1.61,-1.38,-0.46,1.49,1.26,0.34,2.18,2.07,2.87,0.46,1.03,0.69,5.17,1.95,0
86921,-0.57,0.00,-1.72,-0.92,-0.34,1.72,1.26,0.80,1.95,2.53,3.10,0.11,1.38,0.92,4.83,1.72,0
87037,-0.23,-0.23,-1.95,-1.15,-0.46,1.61,1.61,0.46,1.84,2.07,2.87,0.46,0.80,0.46,5.06,1.95,0
87154,-0.57,0.00,-1.72,-1.03,-0.34,1.61,1.61,0.11,1.95,2.30,3.10,0.11,0.92,1.03,5.06,1.84,0
87271,-0.57,-0.46,-1.72,-1.15,-0.46,1.84,1.49,0.57,2.30,2.53,2.53,0.23,1.26,1.15,5.06,1.84,0
87388,-0.92,-0.23,-1.84,-1.49,-0.34,1.72,1.49,0.46,2.18,2.18,2.99,0.46,0.92,1.26,4.83,2.07,0
87505,-0.34,-0.23,-1.38,-1.15,-0.34,1.49,1.38,0.34,2.18,2.41,2.64,0.23,0.92,0.92,4.83,1.72,0
87622,-0.57,-0.11,-1.72,-1.26,-0.69,1.61,1.38,0.00,1.61,2.53,3.10,0.00,0.92,0.69,5.17,1.84,0
87738,-0.92,-0.46,-1.72,-1.61,-0.80,1.61,1.49,0.57,1.95,2.18,3.33,0.34,1.15,0.92,5.29,1.95,0
87855,-0.34,0.23,-1.72,-1.26,-0.46,1.61,1.61,0.57,1.84,2.87,2.87,0.34,0.57,0.46,5.06,1.84,0
87972,-0.46,-0.11,-1.61,-1.26,-0.34,1.61,1.49,0.46,1.72,2.64,2.76,0.00,1.03,1.26,5.06,2.07,0
88089,-0.80,-0.23,-1.49,-1.38,-0.23,1.61,1.49,0.69,1.95,2.41,2.76,0.57,1.26,0.92,4.83,1.61,0
88206,-0.34,-0.11,-1.61,-1.26,-0.23,1.72,1.38,0.34,1.84,2.30,2.99,0.57,0.92,1.26,4.60,1.84,0
88322,-0.46,-0.11,-1.84,-1.03,-0.80,1.61,1.61,0.34,2.07,2.18,2.99,0.46,1.49,0.92,5.06,1.95,0
88439,-0.34,-0.46,-1.95,-1.61,-0.57,1.26,1.61,0.34,2.18,2.18,2.99,0.11,1.03,0.92,5.06,2.07,0
88556,-0.80,-0.11,-1.72,-0.92,-0.57,1.26,1.26,0.23,2.18,2.18,2.87,0.34,0.92,0.80,4.83,1.84,0
88673,-0.80,-0.46,-1.72,-1.26,-0.57,1.72,1.72,0.57,1.72,2.30,2.64,0.23,0.80,1.15,4.71,1.61,0
88790,-0.69,-0.69,-1.72,-1.38,-0.46,1.95,1.38,0.23,2.18,2.30,2.76,-0.11,0.80,0.80,5.06,1.84,0
88907,-0.69,-0.23,-1.61,-0.92,-0.34,1.72,1.72,0.69,1.84,2.41,3.10,0.46,0.92,0.92,5.06,2.18,0
89023,-0.69,-0.34,-1.61,-1.26,0.00,1.72,1.26,0.23,2.53,2.30,2.99,0.11,0.69,0.69,5.06,1.72,0
89140,-0.57,-0.34,-1.61,-1.61,-0.92,1.61,1.61,0.46,1.84,2.64,2.99,0.34,0.69,0.92,5.06,1.72,0
89257,-0.69,-0.34,-1.72,-1.03,-0.11,1.84,1.49,0.23,1.72,2.07,2.87,0.46,1.26,1.15,4.71,1.84,0
89374,-0.57,0.11,-1.72,-1.15,-0.57,1.49,1.61,0.69,1.61,2.41,2.76,0.46,0.69,0.92,4.94,1.72,0
89491,-0.34,-0.57,-1.38,-1.26,-0.57,1.49,1.38,0.11,2.07,2.41,2.64,0.46,1.03,0.92,4.83,1.84,0
89608,-0.69,-0.11,-1.84,-1.49,-0.23,1.26,1.26,0.46,1.95,2.07,3.10,0.57,0.57,0.34,4.71,1.49,0
89724,-0.57,-0.34,-1.61,-1.49,-0.34,1.95,1.72,0.57,1.95,2.64,3.33,0.23,0.92,0.57,4.83,2.07,0
89841,-0.46,0.11,-1.61,-1.38,-0.34,1.61,1.49,0.57,2.18,2.07,2.87,0.69,1.15,0.57,4.71,1.95,0
89958,-0.11,-0.69,-1.61,-1.15,0.00,1.26,1.49,0.34,1.84,2.41,2.99,0.23,0.80,0.80,4.94,1.72,0
90075,-0.46,0.23,-1.61,-1.03,-0.23,1.38,1.84,0.23,1.84,2.30,2.87,0.34,1.15,1.03,4.83,1.61,0
90192,-0.46,0.11,-1.84,-1.15,-0.34,1.61,1.61,0.69,1.61,2.30,2.53,0.34,1.03,1.03,4.83,1.72,0
90309,-0.11,-0.34,-1.95,-0.92,-0.34,1.95,1.49,0.11,2.07,2.18,2.41,0.00,0.34,1.03,4.94,1.84,0
90425,-0.57,-1.84,-1.61,-1.61,-0.23,1.61,1.38,-0.11,2.07,2.41,2.99,0.46,1.15,1.15,4.94,1.61,0
90542,-0.23,-0.23,-1.72,-1.38,-0.57,1.49,1.72,0.00,1.95,2.30,2.99,0.23,1.26,1.15,5.06,2.07,0
90659,-0.34,-0.11,-1.72,-1.38,-0.23,2.07,1.26,0.57,1.84,2.18,2.53,0.34,1.03,0.92,4.60,1.95,0
90776,-0.46,-0.23,-1.84,-1.03,-0.11,1.84,1.26,0.46,2.30,2.87,2.87,0.46,0.69,1.03,4.94,2.18,0
90893,-0.80,-0.34,-1.61,-1.38,-0.34,1.72,1.49,0.57,1.95,2.53,2.99,0.11,0.80,0.69,4.71,1.84,0
91009,-0.80,0.23,-1.84,-0.92,-0.46,1.84,1.61,0.57,2.30,2.41,2.99,0.11,1.15,0.57,5.06,1.72,0
91126,-0.46,-0.46,-1.72,-1.61,-0.57,1.38,1.38,-0.34,2.18,2.41,3.10,0.23,0.80,0.80,4.83,2.18,0
91243,-0.92,-0.23,-1.84,-1.26,-0.46,1.38,1.49,0.34,1.84,2.18,2.76,0.57,0.69,1.26,4.60,1.84,0
91360,-0.34,0.23,-1.72,-1.38,-0.23,1.84,1.72,0.80,1.95,2.53,3.22,0.80,0.80,1.26,4.83,1.84,0
91477,-0.57,-0.23,-1.38,-1.38,-0.69,1.72,1.49,0.11,1.95,2.41,3.10,0.34,0.80,0.92,4.83,1.49,0
91594,-0.46,-0.34,-1.84,-0.92,-0.69,1.72,1.38,0.34,2.07,2.41,2.76,0.34,1.15,0.57,4.94,1.84,0
91710,-0.57,0.00,-1.84,-1.15,-0.34,1.72,1.38,0.34,1.95,2.30,3.22,0.11,0.92,1.03,4.71,1.84,0
91827,-0.46,-0.23,-1.72,-1.49,-0.46,1.49,1.72,0.46,1.84,2.30,3.22,0.46,0.80,0.69,5.29,1.49,0
91944,-0.57,0.00,-1.72,-0.69,-0.57,1.72,1.72,0.23,1.95,2.18,2.41,0.00,0.69,0.92,5.17,1.72,0
92061,-0.46,-0.34,-1.61,-1.84,-0.46,1.61,1.38,0.57,2.07,2.18,3.10,0.69,1.03,0.92,4.71,2.41,0
92178,-0.23,-0.23,-1.84,-0.80,-0.57,1.26,1.84,0.46,1.95,2.30,3.22,0.57,0.69,1.03,4.83,1.61,0
92295,-0.46,-0.57,-1.61,-1.61,-0.46,1.84,1.49,0.23,1.95,2.41,2.64,0.34,1.38,1.26,4.83,2.18,0
92411,-0.57,-0.57,-1.72,-1.03,-0.69,1.38,1.38,0.57,1.95,2.30,2.87,0.23,1.26,0.92,5.06,1.95,0
92528,-0.46,-0.23,-1.84,-1.26,-0.23,1.72,1.72,0.57,2.41,2.76,3.33,0.23,1.15,1.03,4.83,2.07,0
92645,-0.34,-0.23,-1.72,-1.49,-0.23,1.61,1.61,0.23,1.95,2.30,3.10,0.46,0.57,0.92,4.94,1.84,0
92762,-0.23,-0.34,-1.72,-0.80,-0.11,1.72,1.26,0.57,2.30,2.64,2.76,0.34,0.92,0.69,4.94,1.95,0
92879,-0.80,-0.23,-1.38,-1.26,0.11,1.15,1.49,0.46,1.84,2.30,2.64,-0.23,1.03,0.69,4.94,1.95,0
92995,-0.57,-0.34,-1.61,-1.61,-0.57,1.61,1.61,0.69,1.61,2.41,3.22,0.80,0.69,1.15,4.94,1.72,0
93112,-0.46,-0.46,-1.61,-1.38,-0.46,1.38,1.38,0.00,1.84,2.18,3.10,0.46,1.03,0.80,5.17,1.72,0
93229,-0.57,-0.46,-1.72,-1.15,-0.34,1.84,1.61,0.34,1.95,2.30,2.64,0.46,1.03,0.92,4.83,2.07,0
93346,-0.23,-0.11,-1.72,-1.49,-0.69,1.49,2.18,0.34,2.18,2.64,2.87,0.11,0.57,0.57,4.71,1.84,0
93463,-0.57,0.11,-1.61,-1.49,-0.69,1.61,1.72,0.57,2.07,2.30,3.10,0.00,1.49,0.80,5.06,2.07,0
93580,-0.92,-0.34,-1.84,-1.15,-0.34,1.38,1.38,0.57,1.49,2.30,3.10,0.34,1.26,0.69,5.06,1.61,0
93696,-0.57,0.23,-1.84,-1.49,-0.34,1.49,1.61,0.46,2.18,2.07,2.53,0.11,1.03,1.15,5.06,1.61,0
93813,-0.46,0.00,-1.61,-1.49,-0.69,1.61,1.49,0.80,2.18,2.30,2.87,0.69,1.49,0.46,4.83,1.95,0
93930,-0.46,0.00,-1.61,-1.38,-0.34,1.26,1.49,0.46,2.07,2.30,2.64,0.34,0.69,1.15,5.06,1.72,0
94047,-0.80,-0.34,-1.61,-1.38,-0.23,1.61,1.38,0.57,2.30,2.30,2.76,0.34,1.15,0.92,5.06,2.07,0
94164,-0.80,-0.34,-1.72,-1.26,-0.57,1.61,1.72,0.57,1.84,2.41,2.87,0.69,0.80,1.15,4.71,1.95,0
94281,-0.46,0.11,-1.72,-1.26,-0.46,1.49,1.38,0.80,2.07,2.18,2.76,0.46,1.03,1.15,4.71,1.72,0
94397,-0.46,0.23,-2.07,-1.26,-0.46,1.49,1.49,0.92,1.95,2.18,3.22,0.46,0.92,1.03,5.17,1.72,0
94514,-0.57,-0.34,-1.72,-1.26,-0.57,1.49,1.61,0.00,1.84,2.41,2.41,0.23,1.38,1.03,4.60,1.95,0
94631,-0.11,0.00,-2.07,-1.26,-0.46,1.72,1.38,0.46,2.07,2.41,2.53,0.46,0.92,0.92,5.06,1.95,0
94748,-0.23,-0.23,-1.61,-1.38,-0.34,1.49,1.38,0.57,1.95,1.84,3.10,0.11,0.80,0.69,4.71,1.95,0
94865,-0.57,-0.11,-1.61,-1.38,-0.57,1.72,1.49,0.46,1.72,2.30,2.99,0.57,1.15,0.80,4.94,1.49,0
94981,-0.23,0.34,-1.84,-1.15,-0.23,1.84,1.38,0.23,2.53,2.53,2.99,0.46,1.15,0.57,4.94,1.61,0
95098,-0.46,0.00,-1.49,-1.15,-0.46,1.72,1.38,0.34,2.07,2.64,3.22,0.11,0.92,1.03,4.83,1.72,0
95215,-0.46,-0.11,-1.49,-1.38,-0.34,1.38,1.49,0.57,2.53,2.99,3.10,0.00,0.69,1.03,4.48,1.38,0
95332,-0.46,0.00,-1.49,-1.38,-0.80,1.49,1.84,0.23,2.07,2.30,3.22,0.46,0.46,1.03,4.83,1.49,0
95449,-0.46,-0.34,-1.38,-1.26,-0.34,1.38,1.61,0.23,2.07,2.30,2.99,0.11,1.15,0.92,4.94,2.18,0
95566,-0.11,0.00,-1.49,-1.38,-0.34,1.61,1.61,0.80,2.18,2.76,2.99,0.34,0.34,1.03,4.83,1.95,0
95682,-1.03,-0.46,-1.72,-1.38,-0.23,1.49,1.49,0.23,2.18,2.30,3.22,0.11,0.92,0.92,4.94,1.95,0
95799,-0.80,-0.46,-2.07,-1.49,-0.69,1.49,1.61,0.34,2.07,2.76,2.64,0.57,0.46,0.92,4.71,2.07,0
95916,-0.34,-0.11,-1.72,-1.49,-0.34,1.61,1.26,0.69,1.72,2.30,2.99,0.11,0.80,0.57,5.29,1.84,0
96033,-0.34,-0.46,-1.84,-1.38,-1.15,1.03,1.49,0.11,2.07,2.07,2.76,0.00,1.03,0.80,4.71,1.84,0
96150,-0.46,0.23,-1.84,-1.26,-0.34,1.49,1.26,0.00,2.30,2.30,3.10,0.23,1.38,0.57,4.71,1.95,0
96267,-0.23,0.34,-1.72,-1.26,-0.69,1.38,1.49,0.34,1.61,2.53,3.10,0.57,0.80,1.03,4.60,1.61,0
96383,-0.34,0.00,-1.84,-1.38,-0.34,1.84,1.61,0.92,1.84,2.18,3.22,0.34,0.92,1.03,5.06,1.84,0
96500,-0.57,-0.11,-1.72,-1.26,-0.23,1.84,1.49,0.46,1.95,2.30,2.76,0.23,1.72,1.03,5.06,1.61,0
96617,-0.57,0.00,-1.95,-1.26,-0.57,1.61,1.49,0.69,2.07,2.53,2.64,0.11,1.03,1.03,4.94,1.61,0
96734,-0.46,-0.23,-1.49,-1.49,-0.23,1.15,1.38,0.46,1.95,2.41,2.64,0.69,1.03,1.03,4.71,1.61,0
96851,-0.69,0.00,-1.38,-1.26,-0.34,1.61,1.38,0.57,2.18,2.53,2.99,0.00,0.57,0.69,4.83,1.95,0
96967,-0.57,-0.34,-1.61,-1.15,-0.46,1.49,1.61,0.23,2.18,2.53,2.76,0.00,1.26,0.69,5.06,1.61,0
97084,-0.46,0.00,-1.49,-0.92,-0.34,1.61,1.61,0.57,2.53,2.41,3.10,0.46,0.92,1.15,4.71,1.95,0
97201,-0.69,0.34,-1.72,-0.69,-0.57,1.38,1.61,0.57,2.07,2.30,2.99,0.23,0.69,0.92,4.71,1.72,0
97318,-0.57,0.00,-1.72,-0.92,-0.23,1.61,1.49,0.00,1.84,2.30,2.41,0.46,0.69,1.26,4.83,1.72,0
97435,-0.34,-0.34,-1.72,-1.26,-0.34,1.49,1.61,0.57,1.72,2.41,3.33,0.57,0.57,0.69,4.94,1.61,0
97552,-0.57,0.11,-1.72,-1.61,-0.69,1.72,1.38,0.46,2.41,2.53,2.76,0.11,0.92,0.80,5.06,1.84,0
97668,-0.34,1.72,-1.72,-1.26,-0.34,1.84,1.72,0.00,1.84,2.53,2.99,0.23,1.15,0.69,5.06,1.84,0
97785,-0.34,0.00,-1.61,-1.26,-0.11,1.38,1.72,0.00,1.61,2.41,2.76,0.34,0.92,0.80,4.83,1.84,0
97902,-0.57,0.11,-1.72,-1.26,-0.11,1.61,1.72,0.11,2.18,2.41,2.87,0.23,1.15,0.92,4.60,1.95,0
98019,-0.69,-0.23,-1.84,-1.61,-0.80,1.38,1.26,0.46,1.95,2.53,3.22,0.11,1.03,0.80,4.94,1.95,0
98136,-0.57,-0.46,-1.95,-1.38,-0.34,1.61,1.38,-0.11,1.61,2.07,2.76,0.23,0.80,1.03,4.71,1.72,0
98253,-0.23,-0.34,-1.72,-1.38,-0.46,1.61,1.49,0.69,2.18,2.41,2.76,0.57,0.92,0.80,5.17,1.72,0
98369,-0.11,0.23,-1.61,-1.26,-0.34,1.49,1.61,0.23,2.18,2.30,3.10,0.34,0.80,0.46,5.06,2.07,0
98486,-0.57,-0.23,-1.95,-0.92,-0.11,1.38,1.38,0.57,2.07,2.30,3.22,0.23,0.57,1.03,5.06,1.95,0
98603,-0.69,0.00,-2.18,-1.26,-0.46,1.95,1.72,0.80,2.30,2.41,2.64,0.34,0.69,1.26,4.83,1.72,0
98720,-0.46,0.11,-1.84,-1.38,-0.69,1.26,1.38,0.34,1.95,2.53,3.22,0.46,0.92,1.03,5.06,2.07,0
98837,-0.57,-0.46,-1.72,-1.61,-0.57,1.72,1.72,0.46,2.07,2.18,3.10,0.23,0.80,0.69,4.83,1.61,0
98953,-0.34,0.11,-1.72,-1.38,-0.34,1.84,1.49,0.80,1.95,2.41,2.76,0.34,0.92,1.03,4.94,1.95,0
99070,-0.57,-0.34,-1.84,-1.26,-0.46,1.38,1.72,0.80,1.95,2.18,2.99,0.57,0.46,0.92,5.06,1.72,0
99187,-0.34,0.11,-1.72,-0.92,-0.57,1.61,1.38,0.69,1.95,2.18,2.76,0.46,0.92,0.92,4.94,1.84,0
99304,-0.57,0.23,-1.72,-1.03,-0.11,1.72,1.61,0.23,1.84,2.30,2.87,0.46,0.80,0.92,4.94,1.72,0
99421,-0.23,0.00,-1.49,-1.38,-0.57,1.49,1.38,0.34,2.07,2.41,2.87,0.23,1.03,0.57,4.83,1.61,0
99538,-0.80,-0.46,-1.49,-0.92,-0.34,1.84,1.49,0.11,2.18,2.07,3.22,0.34,1.03,1.03,4.83,1.84,0
99654,-0.57,-0.11,-1.49,-1.38,-0.11,1.72,1.38,0.80,2.30,2.07,2.99,0.23,0.80,1.38,4.71,1.49,0
99771,-0.23,-0.46,-1.26,-1.26,0.00,1.38,1.49,0.23,2.07,2.41,3.10,0.69,1.15,0.57,5.06,1.84,0
99888,-0.46,0.11,-1.72,-1.26,-0.57,1.49,1.61,-0.11,2.30,2.41,2.99,0.00,1.26,0.80,5.29,2.18,0
100005,-0.69,-0.57,-1.95,-1.26,-0.46,1.72,1.49,0.57,1.95,2.41,2.99,0.34,0.80,0.80,5.29,1.49,0
100122,-0.46,-0.11,-1.72,-1.61,-0.57,1.49,1.15,0.11,1.72,2.07,2.87,0.23,1.15,0.80,5.17,2.07,0
100239,-0.34,-0.23,-1.84,-0.92,0.00,1.61,2.07,0.46,1.95,2.18,2.76,0.57,0.80,0.57,4.60,1.61,0
100355,-0.46,-0.57,-1.61,-1.26,-0.34,1.26,1.38,0.00,2.07,2.30,3.22,-0.23,0.92,0.69,4.83,1.84,0
100472,-0.57,-0.57,-1.72,-1.26,-0.46,1.26,1.49,0.34,1.72,2.41,2.87,0.46,1.03,1.03,5.06,1.72,0
100589,-0.11,0.23,-1.61,-1.15,-0.11,1.49,1.26,0.23,2.30,2.53,2.87,0.69,0.92,1.03,4.83,2.18,0
100706,-0.34,-0.57,-1.72,-1.03,-0.11,1.49,1.38,0.23,2.18,2.18,2.76,0.11,1.03,0.80,4.71,1.84,0
100823,-0.69,-0.80,-1.95,-1.26,-0.34,1.49,1.61,0.34,2.07,2.41,3.22,0.69,1.15,1.26,4.83,1.72,0
100939,-0.46,-0.11,-1.61,-1.03,-0.23,1.26,1.61,0.11,1.95,2.30,2.99,0.34,0.92,1.15,4.83,1.61,0
101056,-0.46,-0.23,-2.07,-1.49,-0.57,1.49,1.26,0.23,1.95,2.30,2.76,0.69,1.38,0.69,5.29,2.07,0
101173,-0.57,0.00,-1.95,-1.72,-0.46,1.38,1.61,0.23,1.95,2.18,2.87,0.23,0.92,1.03,4.71,1.84,0
101290,-0.57,-0.34,-1.95,-0.80,-0.46,1.38,1.26,0.11,1.95,2.53,2.64,0.23,0.69,0.92,5.06,1.72,0
